37393004,  37403764,    100101,  None
37402751,  37412497,    100101,  Shoulder Radio
37411486, 37420120,    100101,  None
37420121, 37420121, 100101, Location Sent
37420122,  37425329,    100101,  None
37424317,  37439705,    100101,  Flashlight
37438697,  37445353,    100101,  Whistle
37444346,  37449476,    100101,  None
37448459,  37455628,    100101,  Transition
37454616,  37458701,    100101,  None
37457685,  37464859,    100101,  Shoulder Radio
37463848, 37469638,    100101,  None
37469639, 37469639, 100101, Location Sent
37469640,  37471535,    100101,  None
37470525,  37480264,    100101,  Flashlight
37479253,  37481294,    100101,  None
37480290,  37485414,    100101,  Whistle
37484386,  37487452,    100101,  None
37486440,  37490039,    100101,  Transition
37489016,  37496696,    100101,  None
37495686,  37498244,    100101,  Transition
37497230,  37499788,    100101,  None
37498778,  37506447,    100101,  Shoulder Radio
37505450,  37508503,    100101,  None
37507489, 37512226,    100101,  Flashlight
37512227, 37512227, 100101, Location Sent
37512228,  37514151,    100101,  None
37513137,  37517234,    100101,  Whistle
37516223,  37518265,    100101,  None
37517254,  37523398,    100101,  Transition
37522385,  37525969,    100101,  None
37524954,  37534174,    100101,  Shoulder Radio
37533171, 37534192,    100101,  None
37534193, 37534193, 100101, Location Sent
37534194,  37536227,    100101,  None
37535222,  37548058,    100101,  Flashlight
37547035,  37549579,    100101,  None
37548567,  37552664,    100101,  Whistle
37551651,  37553696,    100101,  None
37552680,  37559335,    100101,  Transition
37558324,  37561910,    100101,  None
37560900,  37569099,    100101,  Shoulder Radio
37568088, 37569480,    100101,  None
37569481, 37569481, 100101, Location Sent
37569482,  37571141,    100101,  None
37570127,  37578340,    100101,  Flashlight
37577317,  37579873,    100101,  None
37578863,  37584489,    100101,  Whistle
37583499,  37587576,    100101,  None
37586564,  37596302,    100101,  Transition
37595302,  37599927,    100101,  None
37598880,  37610688,    100101,  Shoulder Radio
37609671, 37611449,    100101,  None
37611450, 37611450, 100101, Location Sent
37611451,  37612743,    100101,  None
37611716,  37617865,    100101,  Flashlight
37616850,  37618887,    100101,  None
37617874,  37621976,    100101,  Whistle
37620961,  37623520,    100101,  None
37622510,  37626593,    100101,  Transition
37625588,  37628649,    100101,  None
37627637,  37634292,    100101,  Shoulder Radio
37633285, 37634591,    100101,  None
37634592, 37634592, 100101, Location Sent
37634593,  37637381,    100101,  None
37636374,  37643541,    100101,  Flashlight
37642527,  37644569,    100101,  None
37643560,  37648670,    100101,  Whistle
37647658,  37650730,    100101,  None
37649718,  37654313,    100101,  Transition
37653302,  37655344,    100101,  None
37654334,  37662019,    100101,  Shoulder Radio
37661005, 37662236,    100101,  None
37662237, 37662237, 100101, Location Sent
37662238,  37663561,    100101,  None
37662553,  37670240,    100101,  Flashlight
37669229,  37673314,    100101,  Whistle
37672302,  37674338,    100101,  None
37673362,  37681542,    100101,  Transition
37680529,  37683604,    100101,  None
37682570, 37689686,    100101,  Shoulder Radio
37689687, 37689687, 100101, Location Sent
37689688,  37691800,    100101,  None
37690790,  37696423,    100101,  Flashlight
37695410,  37700020,    100101,  Whistle
37699009,  37701038,    100101,  None
37700035,  37703090,    100101,  Transition
37702096,  37706694,    100101,  None
37705679,  37711312,    100101,  Shoulder Radio
37710297, 37711900,    100101,  None
37711901, 37711901, 100101, Location Sent
37711902,  37713366,    100101,  None
37712353,  37719012,    100101,  Flashlight
37717996,  37723130,    100101,  Whistle
37722116,  37725687,    100101,  None
37724674,  37734418,    100101,  Transition
37733404,  37739549,    100101,  None
37738532,  37747760,    100101,  Shoulder Radio
37746748, 37748969,    100101,  None
37748970, 37748970, 100101, Location Sent
37748971,  37757515,    100101,  None
37756515,  37759568,    100101,  Flashlight
37758566, 37770255,    100101,  None
37770256, 37770256, 100101, Location Sent
37770257,  37777547,    100101,  Whistle
37776537,  37782678,    100101,  None
37781666,  37787300,    100101,  Transition
37786290,  37790381,    100101,  None
37789369,  37798601,    100101,  Shoulder Radio
37797586, 37799012,    100101,  None
37799013, 37799013, 100101, Location Sent
37799014,  37799619,    100101,  None
37798608,  37803213,    100101,  Flashlight
37802202,  37805272,    100101,  None
37804260,  37809895,    100101,  Whistle
37808883,  37812461,    100101,  Transition
37811449,  37815536,    100101,  None
37814522,  37820664,    100101,  Shoulder Radio
37819671, 37820982,    100101,  None
37820983, 37820983, 100101, Location Sent
37820984,  37821690,    100101,  None
37820694,  37827349,    100101,  Flashlight
37826344,  37828370,    100101,  None
37827361,  37831452,    100101,  Whistle
37830439,  37834523,    100101,  None
37833529,  37838644,    100101,  Transition
37837633,  37843279,    100101,  None
37842247,  37848388,    100101,  Shoulder Radio
37847390, 37850251,    100101,  Flashlight
37850252, 37850252, 100101, Location Sent
37850253,  37854563,    100101,  Flashlight
37853550,  37856622,    100101,  None
37855613,  37859693,    100101,  Whistle
37858679,  37865855,    100101,  None
37864839,  37870488,    100101,  Transition
37869462,  37874582,    100101,  None
37873582,  37884340,    100101,  Shoulder Radio
37883324, 37884726,    100101,  None
37884727, 37884727, 100101, Location Sent
37884728,  37885363,    100101,  None
37884351,  37889477,    100101,  Flashlight
37888461,  37890496,    100101,  None
37889483,  37892570,    100101,  Whistle
37891538,  37895637,    100101,  None
37894626,  37898709,    100101,  Transition
37897710,  37899736,    100101,  None
37898722,  37907438,    100101,  Shoulder Radio
37906426, 37907999,    100101,  None
37908000, 37908000, 100101, Location Sent
37908001,  37913600,    100101,  Flashlight
37912584,  37924378,    100101,  None
37923369,  37930548,    100101,  Transition
37929538,  37933107,    100101,  None
37932093,  37940293,    100101,  Shoulder Radio
37939299, 37940633,    100101,  None
37940634, 37940634, 100101, Location Sent
37940635,  37941321,    100101,  None
37940312,  37945439,    100101,  Flashlight
37944427,  37951598,    100101,  None
37950587,  37957242,    100101,  Transition
37956244,  37959302,    100101,  None
37958289,  37966512,    100101,  Shoulder Radio
37965479,  37967511,    100101,  None
37966518, 37968313,    100101,  Flashlight
37968314, 37968314, 100101, Location Sent
37968315,  37970592,    100101,  Flashlight
37969578,  37978298,    100101,  None
37977285,  37982395,    100101,  Transition
37981383,  37984454,    100101,  None
37983443,  37989581,    100101,  Shoulder Radio
37988571, 37990095,    100101,  None
37990096, 37990096, 100101, Location Sent
37990097,  37991640,    100101,  None
37990631,  37999346,    100101,  Flashlight
37998333,  38003447,    100101,  None
38002435,  38007553,    100101,  Whistle
38006539,  38010633,    100101,  None
38009620,  38016795,    100101,  Transition
39131013,  39135694,    100101,  Transition
39134673,  39140425,    100101,  Shoulder Radio
39139484, 39143231,    100101,  None
39143232, 39143232, 100101, Location Sent
39143233,  39148287,    100101,  None
39147348,  39151425,    100101,  Flashlight
39150378,  39152523,    100101,  None
39151428,  39157190,    100101,  Whistle
39156149,  39158764,    100101,  None
39157724,  39164494,    100101,  Transition
39163468,  39165561,    100101,  None
39164523,  39169753,    100101,  Shoulder Radio
39168734, 39172182,    100101,  None
39172183, 39172183, 100101, Location Sent
39172184,  39172879,    100101,  None
39171849,  39175520,    100101,  Flashlight
39174484,  39178649,    100101,  Whistle
39177614,  39179726,    100101,  None
39178652,  39183889,    100101,  Transition
39182857,  39186516,    100101,  None
39185478,  39189644,    100101,  Shoulder Radio
39188616, 39191423,    100101,  None
39191424, 39191424, 100101, Location Sent
39191425,  39192791,    100101,  None
39191779,  39196446,    100101,  Flashlight
39195436,  39197511,    100101,  None
39196470,  39204879,    100101,  Whistle
39203809,  39210602,    100101,  Transition
39209563,  39214779,    100101,  None
39213757,  39218446,    100101,  Shoulder Radio
39217503, 39220680,    100101,  None
39220681, 39220681, 100101, Location Sent
39220682,  39222647,    100101,  None
39221604,  39226336,    100101,  Flashlight
39225282,  39228397,    100101,  None
39227377,  39232592,    100101,  Whistle
39231582,  39234688,    100101,  None
39233654,  39238354,    100101,  Transition
39237307,  39242547,    100101,  None
39241524,  39246750,    100101,  Shoulder Radio
39245707, 39247597,    100101,  None
39247598, 39247598, 100101, Location Sent
39247599,  39249354,    100101,  None
39248327,  39254594,    100101,  Flashlight
39253558,  39255618,    100101,  None
39254597,  39260352,    100101,  Whistle
39259313,  39261409,    100101,  None
39260383,  39266642,    100101,  Transition
39265608,  39273449,    100101,  Shoulder Radio
39272414, 39276559,    100101,  None
39276560, 39276560, 100101, Location Sent
39276561,  39277613,    100101,  None
39276636,  39281303,    100101,  Flashlight
39280273,  39283391,    100101,  None
39282362,  39285487,    100101,  Whistle
39284464,  39287591,    100101,  None
39286565,  39291255,    100101,  Transition
39290214,  39292810,    100101,  None
39291837,  39300678,    100101,  Shoulder Radio
39299645, 39301718,    100101,  None
39301719, 39301719, 100101, Location Sent
39301720,  39303299,    100101,  None
39302265,  39310637,    100101,  Flashlight
39309604,  39312200,    100101,  None
39311175,  39316896,    100101,  Whistle
39315884,  39319538,    100101,  Transition
39318496,  39321616,    100101,  None
39320583,  39325293,    100101,  Shoulder Radio
39324266, 39326725,    100101,  None
39326726, 39326726, 100101, Location Sent
39326727,  39332100,    100101,  Flashlight
39331060,  39333166,    100101,  None
39332132,  39335240,    100101,  Whistle
39334207,  39337336,    100101, None
39336298,  39346771,    100101,  Transition
39345749,  39348386,    100101,  None
39347310,  39353579,    100101,  Shoulder Radio
39352541, 39355552,    100101,  None
39355553, 39355553, 100101, Location Sent
39355554,  39356188,    100101,  None
39355146,  39361953,    100101,  Flashlight
39360985,  39364114,    100101,  None
39363005,  39369282,    100101,  Whistle
39368263,  39370362,    100101,  None
39369286,  39375562,    100101,  Transition
39374537,  39378181,    100101,  None
39377149,  39382376,    100101,  Shoulder Radio
39381342, 39386222,    100101,  None
39386223, 39386223, 100101, Location Sent
39386224,  39388149,    100101,  None
39387114,  39396518,    100101,  Flashlight
39395516,  39401226,    100101,  None
39400214,  39403849,    100101,  Whistle
39402823,  39406992,    100101,  None
39405975,  39411729,    100101,  Transition
39410688,  39416946,    100101,  Shoulder Radio
39415916, 39417420,    100101,  None
39417421, 39417421, 100101, Location Sent
39417422,  39421653,    100101,  None
39420622,  39429571,    100101,  Flashlight
39428483,  39432700,    100101,  Whistle
39431626,  39434741,    100101,  None
39433707,  39438427,    100101,  Transition
39437396, 39445333,    100101,  None
39445334, 39445334, 100101, Location Sent
39445335,  39455697,    100101,  None
39454672,  39460426,    100101,  Transition
39459395, 39473644,    100101,  None
39473645, 39473645, 100101, Location Sent
39473646,  39484514,    100101,  None
39483487,  39487641,    100101,  Transition
39486631,  39497076,    100101,  None
39496046,  39502310,    100101,  Shoulder Radio
39501343, 39503446,    100101,  None
39503447, 39503447, 100101, Location Sent
39503448,  39506517,    100101,  None
39505482,  39510757,    100101,  Flashlight
39509654,  39511738,    100101,  None
39510759,  39514868,    100101,  Whistle
39513876,  39517038,    100101,  None
39515944,  39519071,    100101,  Transition
39518052, 39531552,    100101,  None
39531553, 39531553, 100101, Location Sent
39531554,  39555720,    100101,  None
39554705,  39560449,    100101,  Transition
39559418, 39575212,    100101,  None
39575213, 39575213, 100101, Location Sent
39575214,  39589768,    100101,  None
39588807,  39592432,    100101,  Transition
39591382, 39596043,    100101,  None
39596044, 39596044, 100101, Requesting Back
39596045,  39600773,    100101,  None
39599749,  39604425,    100101,  Shoulder Radio
39603395,  39605503,    100101,  None
39604449,  39609687,    100101,  High Wave
39608657,  39612286,    100101,  None
39611268,  39612823,    100101, Flashlight
39611797,  39613350,    100101, None
39612314,  39614907,    100101,  Examine Eyes
39613879,  39665722,    100101,  None
39664691, 39687367,    100101,  Take BP
39687368, 39687368, 100101, Vitals Sent
39687369,  39690329,    100101,  Take BP
39689311,  39695039,    100101,  None
37393009,  37405262,    100102,  None
37404264,  37412436,    100102,  Shoulder Radio
37411426,  37421726,    100102,  None
37420640,  37429337,    100102,  Flashlight
37428324,  37438552,    100102,  None
37437536,  37445709,    100102,  Whistle
37444709,  37449297,    100102,  None
37448297,  37455444,    100102,  Transition
37454452,  37459538,    100102,  None
37458523,  37465680,    100102,  Shoulder Radio
37464662,  37469779,    100102,  None
37468772,  37478489,    100102,  Flashlight
37477500,  37480522,    100102,  None
37479519,  37484125,    100102,  Whistle
37483097,  37487695,    100102, None
37486698,  37489750,    100102,  Transition
37488755,  37496411,    100102,  None
37495410,  37498453,    100102,  Transition
37497436,  37499479,    100102,  None
37498485,  37506638,    100102,  Shoulder Radio
37505656,  37507142,    100102,  None
37506150,  37511263,    100102,  Flashlight
37510255,  37514834,    100102,  None
37513820,  37518474,    100102,  Whistle
37517416,  37518951,    100102, None
37517941,  37523537,    100102,  Transition
37522535,  37526624,    100102,  None
37525594,  37533780,    100102,  Shoulder Radio
37532782,  37536335,    100102,  None
37535342,  37540929,    100102,  Flashlight
37539938,  37549150,    100102,  None
37548139,  37552220,    100102,  Whistle
37551222,  37553238,    100102, None
37552222,  37559377,    100102,  Transition
37558374,  37561437,    100102,  None
37560427,  37567057,    100102,  Shoulder Radio
37566061,  37574737,    100102,  Flashlight
37573723,  37579350,    100102,  None
37578334,  37582421,    100102,  Whistle
37581422,  37587551,    100102,  None
37586549,  37596231,    100102,  Transition
37595249,  37602924,    100102,  None
37601888,  37611604,    100102,  Shoulder Radio
37610590,  37617244,    100102,  Flashlight
37616226,  37619280,    100102,  None
37618318,  37621847,    100102,  Whistle
37620851,  37623379,    100102,  None
37622380,  37626444,    100102,  Transition
37625442,  37628496,    100102,  None
37627594,  37633619,    100102,  Shoulder Radio
37632615,  37638236,    100102,  None
37637223,  37641806,    100102,  Flashlight
37640811,  37642843,    100102,  None
37641834,  37646429,    100102,  Whistle
37645418,  37650538,    100102,  None
37649519,  37654601,    100102,  Transition
37653611,  37656162,    100102,  None
37655152,  37660265,    100102,  Shoulder Radio
37659253,  37662304,    100102, None
37661279,  37666403,    100102,  Flashlight
37665374,  37669463,    100102,  None
37668452,  37673048,    100102,  Whistle
37672036,  37674578,    100102,  None
37673568,  37681228,    100102,  Transition
37680235,  37682259,    100102,  None
37681251,  37687907,    100102,  Shoulder Radio
37686937,  37691469,    100102,  None
37690464,  37695592,    100102,  Flashlight
37694577,  37699683,    100102,  Whistle
37698665,  37701208,    100102,  None
37700224,  37702744,    100102,  Transition
37701753,  37705822,    100102,  None
37704823,  37710418,    100102,  Shoulder Radio
37709418,  37714522,    100102,  None
37713500,  37719118,    100102,  Flashlight
37718166,  37719661,    100102, None
37718643,  37723220,    100102,  Whistle
37722224,  37726285,    100102,  None
37725341,  37734503,    100102,  Transition
37733490,  37740645,    100102,  None
37739623,  37746262,    100102,  Shoulder Radio
37745262,  37747310,    100102,  Flashlight
37746295,  37749350,    100102,  None
37748325,  37755557,    100102,  Flashlight
37754493,  37761117,    100102,  None
37760109,  37764208,    100102,  Whistle
37763183,  37782630,    100102, None
37781618,  37787725,    100102,  Transition
37786774,  37789975,    100102,  None
37788789,  37798507,    100102,  Shoulder Radio
37797476,  37802584,    100102,  Flashlight
37801585,  37805660,    100102,  None
37804665,  37808746,    100102,  Whistle
37807730,  37810294,    100102,  None
37809264,  37812336,    100102,  Transition
37811309,  37814379,    100102,  None
37813367,  37820505,    100102,  Shoulder Radio
37819492,  37821528,    100102,  None
37820538,  37830243,    100102,  Flashlight
37829247,  37831278,    100102,  None
37830245,  37833299,    100102,  Whistle
37832304,  37834330,    100102,  None
37833332,  37835857,    100102,  Transition
37834862,  37836890,    100102, None
37835889,  37838429,    100102,  Transition
37837431,  37843556,    100102,  None
37842536,  37848149,    100102,  Shoulder Radio
37847146,  37854301,    100102,  Flashlight
37853283,  37856854,    100102,  None
37855863,  37859417,    100102,  Whistle
37858520,  37866084,    100102,  None
37865074,  37870688,    100102,  Transition
37869693,  37874263,    100102,  None
37873261,  37881428,    100102,  Shoulder Radio
37880433,  37883516,    100102,  None
37882472,  37890145,    100102,  Flashlight
37889135,  37890662,    100102, None
37889724,  37893720,    100102,  Whistle
37892793,  37895768,    100102,  None
37894770,  37898333,    100102,  Transition
37897329,  37905499,    100102,  Shoulder Radio
37904490,  37906013,    100102,  None
37905017,  37911663,    100102,  Flashlight
37910626,  37913721,    100102,  None
37912703,  37917277,    100102,  Whistle
37916273,  37924446,    100102,  None
37923449,  37930584,    100102,  Transition
37929586,  37935701,    100102,  None
37934706,  37938290,    100102,  Shoulder Radio
37937266,  37941363,    100102,  None
37940414,  37944413,    100102,  Flashlight
37943415,  37945461,    100102,  None
37944444,  37948003,    100102,  Whistle
37946994,  37951607,    100102, None
37950580,  37957745,    100102,  Transition
37956713,  37960303,    100102,  None
37959281,  37963359,    100102,  Shoulder Radio
37962342,  37964405,    100102,  None
37963390,  37967973,    100102,  Flashlight
37966964,  37968982,    100102,  None
37967975,  37973089,    100102,  Whistle
37972093,  37978756,    100102,  None
37977705,  37982314,    100102,  Transition
37981304,  37984860,    100102,  None
37983861,  37987421,    100102,  Shoulder Radio
37986823,  37994583,    100102,  None
37993594,  37999219,    100102,  Flashlight
37998205,  38003305,    100102,  Whistle
38002305,  38010455,    100102,  None
38009477,  38016614,    100102,  Transition
38015608,  38038619,    100102,  None
38037627,  38039162,    100102, Examine Eyes
38038135,  38039645,    100102, None
38038649,  38040666,    100102,  High Wave
38039656,  38045795,    100102,  None
38044791,  38048370,    100102, Examine Eyes
38047361,  38079603,    100102,  None
40060004,  40062498,    100102,  Transition
40061897, 40070848,    100102,  None
40070849, 40070849, 100102, Location Sent
40070850,  40080556,    100102,  None
40079297,  40085308,    100102,  Transition
40084600,  40087735,    100102,  None
40087071,  40093704,    100102,  Shoulder Radio
40091882, 40095550,    100102,  None
40095551, 40095551, 100102, Location Sent
40095552,  40097814,    100102,  None
40096750,  40100835,    100102,  Flashlight
40099680,  40102768,    100102,  None
40100842,  40103879,    100102,  Whistle
40102771,  40104476,    100102,  None
40103882,  40110989,    100102,  Transition
40109860,  40112331,    100102,  None
40111001,  40119595,    100102,  Shoulder Radio
40118312, 40120212,    100102,  None
40120213, 40120213, 100102, Location Sent
40120214,  40121423,    100102,  None
40120056,  40126093,    100102,  Flashlight
40125480,  40127303,    100102,  Whistle
40126095,  40131986,    100102,  Transition
40130862, 40145246,    100102,  None
40145247, 40145247, 100102, Location Sent
40145248,  40148899,    100102,  None
40147750,  40158495,    100102,  Transition
40156619,  40159758,    100102,  None
40159038,  40168101,    100102,  Shoulder Radio
40166940, 40170107,    100102,  None
40170108, 40170108, 100102, Location Sent
40170109,  40171686,    100102,  None
40170171,  40175789,    100102,  Flashlight
40174819,  40176539,    100102,  None
40175233,  40178299,    100102,  Whistle
40176626,  40183770,    100102,  Transition
40182461,  40184315,    100102,  None
40183626,  40189702,    100102,  Shoulder Radio
40187486,  40190310,    100102,  None
40189706,  40192733,    100102,  Flashlight
40192062, 40193497,    100102,  None
40193498, 40193498, 100102, Location Sent
40193499,  40194469,    100102,  None
40193307,  40196929,    100102,  Whistle
40196217,  40198169,    100102,  None
40196931,  40200983,    100102,  Transition
40199864, 40202118,    100102,  None
40202119, 40202119, 100102, Location Sent
40202120,  40203510,    100102,  None
40202291,  40208254,    100102,  Shoulder Radio
40206503, 40210780,    100102,  None
40210781, 40210781, 100102, Requesting Back
40210782,  40213684,    100102,  None
40212521,  40217294,    100102, High Wave
40216055,  40220896,    100102, None
40219605,  40245983,    100102,  Take BP
40244856, 40246068,    100102,  None
40246069, 40246069, 100102, Vitals Sent
40246070,  40247913,    100102,  None
37420000,  37428345,    100103,  None
37427315,  37433579,    100103,  Shoulder Radio
37432559, 37442242,    100103,  None
37442243, 37442243, 100103, Location Sent
37442244,  37449690,    100103,  None
37448607,  37453504,    100103,  Flashlight
37452354,  37454603,    100103,  None
37453510,  37459537,    100103,  Whistle
37458226,  37465446,    100103,  None
37464428,  37472257,    100103,  Transition
37471252,  37490601,    100103,  None
37489570,  37493672,    100103,  Flashlight
37492651,  37494526,    100103,  None
37493156,  37498459,    100103,  Whistle
37497434,  37504452,    100103,  None
37503381,  37507706,    100103,  Transition
37506765,  37510116,    100103,  None
37509324,  37513348,    100103,  Shoulder Radio
37512325,  37515421,    100103,  None
37514383,  37517605,    100103,  Flashlight
37516422,  37519698,    100103,  None
37518630,  37522427,    100103,  Whistle
37521082,  37529762,    100103,  Transition
37528735,  37531864,    100103,  None
37530813,  37534476,    100103,  Shoulder Radio
37533437,  37536603,    100103,  None
37535538,  37542337,    100103,  Flashlight
37541364,  37547539,    100103,  None
37546519,  37550660,    100103,  Whistle
37549650,  37551712,    100103,  None
37550684,  37555385,    100103,  Transition
37554351,  37557474,    100103,  None
37556451, 37560046,    100103,  Shoulder Radio
37560047, 37560047, 100103, Location Sent
37560048,  37562687,    100103, None
37561669,  37566385,    100103,  Flashlight
37565331,  37568447,    100103,  None
37567415,  37570535,    100103,  Whistle
37569523,  37577343,    100103,  None
37576320,  37581515,    100103,  Transition
37580486, 37583183,    100103,  None
37583184, 37583184, 100103, Location Sent
37583185,  37584136,    100103,  None
37583113, 37585226,    100103,  Shoulder Radio
37585227, 37585227, 100103, Location Sent
37585228,  37586743,    100103,  None
37585746,  37590422,    100103,  Flashlight
37589404,  37597725,    100103,  None
37596699,  37601392,    100103,  Transition
37600358,  37602960,    100103,  None
37601927, 37605447,    100103,  Shoulder Radio
37605448, 37605448, 100103, Location Sent
37605449,  37606632,    100103,  None
37605601,  37608702,    100103,  Flashlight
37607679,  37610284,    100103,  Whistle
37609240,  37614466,    100103,  None
37613435,  37620740,    100103,  Transition
37619700, 37624174,    100103,  Shoulder Radio
37624175, 37624175, 100103, Location Sent
37624176,  37625427,    100103,  None
37624453,  37628564,    100103,  Flashlight
37627523,  37632231,    100103,  Whistle
37631197,  37635349,    100103,  None
37634338,  37640601,    100103,  Transition
37639581,  37641638,    100103,  None
37640609, 37643826,    100103,  Shoulder Radio
37643827, 37643827, 100103, Location Sent
37643828,  37648434,    100103,  Flashlight
37647405,  37651584,    100103,  Whistle
37650568,  37660992,    100103,  None
37659954,  37663591,    100103,  Transition
37662561,  37664656,    100103,  None
37663615, 37666956,    100103,  Shoulder Radio
37666957, 37666957, 100103, Location Sent
37666958,  37670401,    100103,  Flashlight
37669382,  37673536,    100103,  Whistle
37672519,  37682942,    100103,  None
37681913,  37685557,    100103,  Transition
37684523,  37687129,    100103,  None
37686087,  37689738,    100103,  Shoulder Radio
37688718, 37689818,    100103,  None
37689819, 37689819, 100103, Location Sent
37689820,  37691301,    100103,  None
37690279,  37693935,    100103,  Flashlight
37692906,  37696008,    100103,  Whistle
37694961,  37698637,    100103,  None
37697592,  37702279,    100103,  Transition
37701256,  37703849,    100103,  None
37702827,  37706465,    100103,  Shoulder Radio
37705446, 37706516,    100103,  None
37706517, 37706517, 100103, Location Sent
37706518,  37707513,    100103,  None
37706470,  37709599,    100103,  Flashlight
37708579,  37710634,    100103,  None
37709609,  37712739,    100103,  Whistle
37711703,  37716392,    100103,  None
37715410,  37720578,    100103,  Transition
37719571,  37721627,    100103,  None
37720583, 37724085,    100103,  Shoulder Radio
37724086, 37724086, 100103, Location Sent
37724087,  37725292,    100103,  None
37724268,  37726875,    100103,  Flashlight
37725846,  37727890,    100103,  None
37726881,  37729975,    100103,  Whistle
37728959,  37733132,    100103,  None
37732102,  37739408,    100103,  Transition
37738364,  37742051,    100103,  Shoulder Radio
37740988, 37742348,    100103,  None
37742349, 37742349, 100103, Location Sent
37742350,  37743582,    100103,  None
37742545,  37746733,    100103,  Flashlight
37745703,  37749335,    100103,  Whistle
37748301,  37754542,    100103,  None
37753513,  37758752,    100103,  Transition
37757712,  37759262,    100103,  None
37758227,  37761891,    100103,  Shoulder Radio
37760851, 37762665,    100103,  None
37762666, 37762666, 100103, Location Sent
37762667,  37763472,    100103,  None
37762449,  37766578,    100103,  Flashlight
37765562,  37769723,    100103,  Whistle
37768688,  37772341,    100103,  None
37771308,  37777555,    100103,  Transition
37776542, 37780629,    100103,  Shoulder Radio
37780630, 37780630, 100103, Location Sent
37780631,  37781745,    100103,  None
37780710,  37785442,    100103,  Flashlight
37784380,  37788035,    100103,  Whistle
37786996,  37792196,    100103,  None
37791182,  37797443,    100103,  Transition
37796415,  37798485,    100103,  None
37797451,  37800593,    100103,  Shoulder Radio
37799536, 37800860,    100103,  None
37800861, 37800861, 100103, Location Sent
37800862,  37802133,    100103,  None
37801118,  37805263,    100103,  Flashlight
37804260,  37807360,    100103,  Whistle
37806362,  37809969,    100103,  None
37808949,  37819392,    100103,  Transition
37818349, 37822376,    100103,  Shoulder Radio
37822377, 37822377, 100103, Location Sent
37822378,  37824109,    100103,  None
37823061,  37826707,    100103,  Flashlight
37825679,  37830365,    100103,  Whistle
37829328,  37831404,    100103,  None
37830372,  37839246,    100103,  Transition
37838201,  37840301,    100103,  None
37839264,  37843444,    100103,  Shoulder Radio
37842425, 37843486,    100103,  None
37843487, 37843487, 100103, Location Sent
37843488,  37844485,    100103,  None
37843450,  37847632,    100103,  Flashlight
37846608,  37850769,    100103,  Whistle
37849724,  37852308,    100103,  None
37851278,  37857006,    100103,  Transition
37855986,  37872227,    100103,  None
37871146,  37873739,    100103,  Whistle
37872736,  37874295,    100103, None
37873248,  37876883,    100103, High Wave
37875878,  37887873,    100103, None
37886843,  37889439,    100103, Examine Eyes
37888389,  37904611,    100103, None
37903573,  37940670,    100103,  Take BP
37939638, 37941304,    100103,  None
37941305, 37941305, 100103, Vitals Sent
37941306,  37957379,    100103,  None
39308011,  39311284,    100103,  Transition
39310284,  39312294,    100103,  None
39311292,  39314340,    100103,  Shoulder Radio
39313345, 39315156,    100103,  None
39315157, 39315157, 100103, Location Sent
39315158,  39315901,    100103,  None
39314881,  39318967,    100103,  Flashlight
39317936,  39320502,    100103,  None
39319496,  39322037,    100103,  Whistle
39321029,  39323564,    100103,  None
39322560,  39330728,    100103,  Transition
39329732,  39331255,    100103,  None
39330241,  39333800,    100103,  Shoulder Radio
39332789, 39334694,    100103,  None
39334695, 39334695, 100103, Location Sent
39334696,  39336364,    100103,  None
39335366,  39339444,    100103,  Flashlight
39338428,  39340963,    100103,  Whistle
39339962,  39343605,    100103,  None
39342525,  39348663,    100103,  Transition
39347650,  39351719,    100103,  Shoulder Radio
39350714,  39353252,    100103,  None
39352253,  39355322,    100103,  Flashlight
39354314,  39356850,    100103,  None
39355852,  39357866,    100103,  Flashlight
39356855,  39369644,    100103, None
39368652,  39370683,    100103,  Transition
39369672,  39432637,    100103,  None
39431630,  39436726,    100103,  Transition
39435700,  39437742,    100103,  None
39436733, 39439044,    100103,  Shoulder Radio
39439045, 39439045, 100103, Location Sent
39439046,  39441325,    100103,  None
39440369,  39444393,    100103,  Flashlight
39443533,  39445936,    100103,  Whistle
39444917,  39450535,    100103, None
39449532,  39466426,    100103,  Transition
39465423, 39468678,    100103,  None
39468679, 39468679, 100103, Location Sent
39468680,  39481263,    100103,  None
39480250,  39485354,    100103,  Transition
39484352, 39488196,    100103,  None
39488197, 39488197, 100103, Location Sent
39488198,  39499708,    100103,  None
39498684,  39503290,    100103,  Transition
39502273, 39506949,    100103,  None
39506950, 39506950, 100103, Location Sent
39506951,  39521717,    100103,  None
39520691,  39525307,    100103,  Transition
39524285, 39528934,    100103,  None
39528935, 39528935, 100103, Location Sent
39528936,  39537583,    100103,  None
39536603,  39544253,    100103,  Transition
39543275, 39546887,    100103,  None
39546888, 39546888, 100103, Location Sent
39546889,  39562677,    100103,  None
39561654,  39569332,    100103,  Transition
39568327,  39571889,    100103,  None
39570884, 39573862,    100103,  Shoulder Radio
39573863, 39573863, 100103, Location Sent
39573864,  39574548,    100103,  Shoulder Radio
39573438,  39575475,    100103,  None
39574553,  39578040,    100103,  Flashlight
39577037,  39578554,    100103,  None
39577643,  39580645,    100103,  Whistle
39579595,  39586740,    100103,  None
39585730,  39592377,    100103,  Transition
39591385,  39593395,    100103,  None
39592385, 39595356,    100103,  Shoulder Radio
39595357, 39595357, 100103, Location Sent
39595358,  39597487,    100103,  None
39596472,  39600073,    100103,  Flashlight
39599044,  39602093,    100103,  Whistle
39601088,  39608251,    100103, None
39607238,  39612338,    100103,  Transition
39611320,  39615417,    100103,  None
39614398, 39616994,    100103,  Shoulder Radio
39616995, 39616995, 100103, Location Sent
39616996,  39617968,    100103,  Shoulder Radio
39616966,  39619501,    100103,  None
39618498,  39622095,    100103,  Flashlight
39621058,  39623606,    100103,  Whistle
39622613,  39627693,    100103,  None
39626705,  39632321,    100103,  Transition
39631306,  39633330,    100103,  None
39632328, 39634872,    100103,  Shoulder Radio
39634873, 39634873, 100103, Location Sent
39634874,  39635387,    100103,  Shoulder Radio
39634366,  39636945,    100103,  None
39635915,  39639467,    100103,  Flashlight
39638477,  39640809,    100103,  None
39639488,  39642050,    100103,  Whistle
39641015,  39644597,    100103, None
39643579,  39647666,    100103,  Transition
39646661, 39650576,    100103,  None
39650577, 39650577, 100103, Location Sent
39650578,  39660480,    100103,  None
39659459,  39665578,    100103,  Transition
39664580, 39669296,    100103,  None
39669297, 39669297, 100103, Location Sent
39669298,  39682478,    100103,  None
39681481,  39684548,    100103,  Transition
39683525,  39686578,    100103,  None
39685567, 39688530,    100103,  Shoulder Radio
39688531, 39688531, 100103, Location Sent
39688532,  39690687,    100103,  None
39689668,  39693758,    100103,  Flashlight
39692738,  39695278,    100103,  Whistle
39694276,  39702477,    100103, None
39701460,  39708689,    100103,  Transition
39707606, 39714907,    100103,  None
39714908, 39714908, 100103, Requesting Back
39714909,  39716282,    100103,  None
39715275,  39719350,    100103,  Shoulder Radio
39718333,  39722948,    100103,  None
39721923,  39723444,    100103, High Wave
39722437,  39727542,    100103, None
39726547,  39728571,    100103,  Flashlight
39727550, 39762912,    100103,  None
39762913, 39762913, 100103, Vitals Sent
39762914,  39772611,    100103,  None
39771595,  39795651,    100103,  Take BP
39794623, 39795906,    100103,  None
39795907, 39795907, 100103, Vitals Sent
39795908,  39796656,    100103, None
39795660,  39797675,    100103,  Take BP
37420014,  37429405,    100104,  None
37428372,  37434633,    100104,  Shoulder Radio
37433595,  37446691,    100104,  None
37445640,  37453517,    100104,  Flashlight
37452446,  37454529,    100104,  None
37453520,  37459259,    100104,  Whistle
37458228,  37465536,    100104,  None
37464507,  37472339,    100104,  Transition
37471304,  37476570,    100104,  None
37475489,  37481782,    100104,  Shoulder Radio
37480756,  37483330,    100104,  None
37482321,  37492241,    100104,  Flashlight
37491219,  37493303,    100104,  None
37492272,  37498516,    100104,  Whistle
37497488,  37504294,    100104,  None
37503265,  37507434,    100104,  Transition
37506424,  37509528,    100104,  None
37508490,  37513748,    100104,  Shoulder Radio
37512691,  37515284,    100104,  None
37514263,  37519483,    100104,  Flashlight
37518441,  37522103,    100104,  Whistle
37521064,  37529484,    100104,  Transition
37528407,  37531036,    100104,  None
37529974,  37534673,    100104,  Shoulder Radio
37533651,  37536752,    100104,  None
37535797,  37542516,    100104,  Flashlight
37541500,  37544108,    100104,  None
37543065,  37545214,    100104,  Whistle
37544112,  37546201,    100104, None
37545217,  37547764,    100104,  Whistle
37546709,  37551457,    100104,  None
37550401,  37555623,    100104,  Transition
37554599,  37557706,    100104,  None
37556691,  37560344,    100104,  Shoulder Radio
37559300,  37562428,    100104,  None
37561392,  37566622,    100104,  Flashlight
37565568,  37567652,    100104,  None
37566626,  37570270,    100104,  Whistle
37569260,  37577613,    100104,  None
37576578,  37581294,    100104,  Transition
37580252,  37582339,    100104,  None
37581296,  37585477,    100104,  Shoulder Radio
37584442,  37586525,    100104,  None
37585479,  37590703,    100104,  Flashlight
37589682,  37594908,    100104,  Whistle
37593875,  37597512,    100104,  None
37596484,  37601700,    100104,  Transition
37600664,  37603292,    100104,  None
37602242,  37605384,    100104,  Shoulder Radio
37604373,  37606412,    100104,  None
37605386,  37610675,    100104,  Flashlight
37609575,  37613804,    100104,  Whistle
37612703,  37614270,    100104,  None
37613255,  37619504,    100104,  Transition
37618464,  37620555,    100104,  None
37619537,  37624737,    100104,  Shoulder Radio
37623728,  37625283,    100104,  None
37624243,  37628960,    100104,  Flashlight
37627909,  37632079,    100104,  Whistle
37631030,  37635726,    100104,  None
37634705,  37640447,    100104,  Transition
37639420,  37641507,    100104,  None
37640469,  37644114,    100104,  Shoulder Radio
37643097,  37648309,    100104,  Flashlight
37647288,  37651467,    100104,  Whistle
37650413,  37661410,    100104,  None
37660385,  37663510,    100104,  Transition
37662475,  37664566,    100104,  None
37663514,  37667159,    100104,  Shoulder Radio
37666137,  37668220,    100104,  None
37667168,  37671881,    100104,  Flashlight
37670860,  37674495,    100104,  Whistle
37673459,  37682881,    100104,  None
37681836,  37685561,    100104,  Transition
37684449,  37687059,    100104,  None
37686044,  37689702,    100104,  Shoulder Radio
37688723,  37691858,    100104,  None
37690746,  37694401,    100104,  Flashlight
37693367,  37697023,    100104,  Whistle
37695975,  37698587,    100104,  None
37697551,  37702255,    100104,  Transition
37701235,  37703844,    100104,  None
37702800,  37706438,    100104,  Shoulder Radio
37705402,  37707497,    100104,  None
37706468,  37710628,    100104,  Flashlight
37709598,  37711677,    100104,  None
37710661,  37713246,    100104,  Whistle
37712231,  37716393,    100104,  None
37715384,  37720598,    100104,  Transition
37719553,  37721640,    100104,  None
37720601,  37724263,    100104,  Shoulder Radio
37723226,  37725292,    100104,  None
37724266,  37728446,    100104,  Flashlight
37727422,  37730540,    100104,  Whistle
37729497,  37733164,    100104,  None
37732120,  37739443,    100104,  Transition
37738393,  37742049,    100104,  Shoulder Radio
37741034,  37743624,    100104,  None
37742606,  37746787,    100104,  Flashlight
37745723,  37749385,    100104,  Whistle
37748371,  37754620,    100104,  None
37753589,  37758298,    100104,  Transition
37757366,  37759328,    100104,  None
37758301,  37761964,    100104,  Shoulder Radio
37760922,  37763565,    100104,  None
37762495,  37766727,    100104,  Flashlight
37765653,  37769290,    100104,  Whistle
37768269,  37772419,    100104,  None
37771414,  37777665,    100104,  Transition
37776621,  37780282,    100104,  Shoulder Radio
37779246,  37781319,    100104,  None
37780288,  37785542,    100104,  Flashlight
37784490,  37788148,    100104,  Whistle
37787102,  37791797,    100104,  None
37790779,  37797557,    100104,  Transition
37796541,  37798600,    100104,  None
37797588,  37800717,    100104,  Shoulder Radio
37799715,  37802288,    100104,  None
37801264,  37805428,    100104,  Flashlight
37804381,  37807536,    100104,  Whistle
37806493,  37810127,    100104,  None
37809111,  37819044,    100104,  Transition
37818014,  37822694,    100104,  Shoulder Radio
37821679,  37823757,    100104,  None
37822764,  37826357,    100104,  Flashlight
37825350,  37830568,    100104,  Whistle
37829520,  37831620,    100104,  None
37830571,  37839470,    100104,  Transition
37838495,  37840522,    100104,  None
37839473,  37843646,    100104,  Shoulder Radio
37842631,  37844750,    100104,  None
37843657,  37847327,    100104,  Flashlight
37846280,  37850447,    100104,  Whistle
37849438,  37852566,    100104,  None
37851517,  37856739,    100104,  Transition
37855725,  37871944,    100104,  None
37870904,  37875074,    100104,  Whistle
37874038,  37878211,    100104,  High Wave
37877173,  37887655,    100104, None
37886624,  37891302,    100104,  Examine Eyes
37890289,  37904384,    100104,  None
37903375,  37940547,    100104,  Take BP
37939519,  37960947,    100104,  None
39308018,  39311578,    100104,  Transition
39310566,  39314659,    100104,  Shoulder Radio
39313657, 39315063,    100104,  None
39315064, 39315064, 100104, Location Sent
39315065,  39316727,    100104,  None
39315719,  39319284,    100104,  Flashlight
39318262,  39320314,    100104,  None
39319292,  39323373,    100104,  Whistle
39322368,  39330570,    100104,  Transition
39329559,  39332652,    100104,  None
39331618,  39334690,    100104,  Shoulder Radio
39333668, 39334767,    100104,  None
39334768, 39334768, 100104, Location Sent
39334769,  39336232,    100104,  None
39335217,  39339322,    100104,  Flashlight
39338291,  39341351,    100104,  Whistle
39340357,  39343402,    100104,  None
39342394,  39348567,    100104,  Transition
39347546,  39351640,    100104,  Shoulder Radio
39350701, 39351981,    100104,  None
39351982, 39351982, 100104, Location Sent
39351983,  39353676,    100104,  None
39352667,  39356775,    100104,  Flashlight
39355747,  39358806,    100104,  Whistle
39357784,  39368571,    100104,  None
39367563,  39370617,    100104,  Transition
39369624,  39432772,    100104,  None
39431762,  39436345,    100104,  Transition
39435318,  39437367,    100104,  None
39436370, 39439233,    100104,  Shoulder Radio
39439234, 39439234, 100104, Location Sent
39439235,  39439946,    100104,  Shoulder Radio
39438926,  39440962,    100104,  None
39439954,  39444568,    100104,  Flashlight
39443545,  39447123,    100104,  Whistle
39446105,  39450724,    100104,  None
39449697,  39466619,    100104,  Transition
39465632, 39469139,    100104,  None
39469140, 39469140, 100104, Location Sent
39469141,  39481513,    100104,  None
39480520,  39485625,    100104,  Transition
39484619, 39488517,    100104,  None
39488518, 39488518, 100104, Location Sent
39488519,  39495995,    100104,  None
38309010,  38316815,    100105,  Transition
38315789,  38324662,    100105,  None
38323642,  38327803,    100105,  Transition
38326765, 38368300,    100105,  None
38368301, 38368301, 100105, Location Sent
38368302,  38376403,    100105,  None
38375393,  38385317,    100105,  Transition
38384288, 38397998,    100105,  None
38397999, 38397999, 100105, Location Sent
38398000,  38419804,    100105,  None
38418773,  38430283,    100105,  Transition
38429223,  38456462,    100105,  None
38455398,  38468212,    100105,  Transition
38466971, 38499546,    100105,  None
38499547, 38499547, 100105, Location Sent
38499548,  38504517,    100105,  None
38503491,  38512351,    100105,  Transition
38511309,  38556774,    100105,  None
38555745,  38560960,    100105,  Transition
38559920, 38583034,    100105,  None
38583035, 38583035, 100105, Location Sent
38583036,  38597071,    100105,  None
38596121,  38609096,    100105,  Transition
38608070,  38609624,    100105, None
38608677,  38612700,    100105,  Whistle
38611864,  38617114,    100105,  None
38615906,  38620060,    100105,  Flashlight
38619012, 38632594,    100105,  None
38632595, 38632595, 100105, Location Sent
38632596,  38645151,    100105,  None
38644072,  38652481,    100105,  Transition
38651528,  38674917,    100105,  None
38673935,  38697927,    100105,  Transition
38696875,  38715822,    100105,  None
38714765,  38719371,    100105,  Transition
38718360,  38737786,    100105,  None
38736684,  38741830,    100105,  Whistle
38740845,  38746837,    100105,  None
38746006,  38747086,    100105, Examine Eyes
38746546,  38747598,    100105, None
38746839,  38751250,    100105,  High Wave
38750218,  38764826,    100105, None
38763809,  38769025,    100105,  Examine Eyes
38767990,  38790953,    100105, None
38789949,  38820251,    100105,  Take BP
38819215,  38824964,    100105,  None
39901005,  39904651,    100105,  Transition
39903630,  39912476,    100105,  None
39911462,  39918774,    100105,  Transition
39917747, 39940318,    100105,  None
39940319, 39940319, 100105, Location Sent
39940320,  39944352,    100105,  None
39943327,  39970520,    100105,  Transition
39969487, 39993107,    100105,  None
39993108, 39993108, 100105, Location Sent
39993109,  40001364,    100105,  None
40000332,  40019679,    100105,  Transition
40018655, 40048930,    100105,  None
40048931, 40048931, 100105, Location Sent
40048932,  40057365,    100105,  None
40056307,  40066207,    100105,  Transition
40065180,  40071409,    100105,  None
40070438,  40075579,    100105,  Whistle
40074490,  40078762,    100105,  None
40077737,  40082931,    100105,  Flashlight
40082225, 40090799,    100105,  None
40090800, 40090800, 100105, Location Sent
40090801,  40096505,    100105,  None
40095477,  40103298,    100105,  Transition
40102264,  40114806,    100105,  None
40113760,  40117947,    100105,  Whistle
40116920,  40122638,    100105,  Flashlight
40121624, 40125900,    100105,  None
40125901, 40125901, 100105, Location Sent
40125902,  40131329,    100105,  None
40130378,  40152578,    100105,  Transition
40151541, 40163087,    100105,  None
40163088, 40163088, 100105, Location Sent
40163089,  40168664,    100105,  None
40167624,  40177539,    100105,  Transition
40176507, 40189454,    100105,  None
40189455, 40189455, 100105, Location Sent
40189456,  40194784,    100105,  None
40193764,  40218311,    100105,  Transition
40217281,  40223541,    100105,  None
40222514,  40227210,    100105,  Whistle
40226169,  40230852,    100105,  Flashlight
40229834, 40231712,    100105,  None
40231713, 40231713, 100105, Location Sent
40231714,  40242371,    100105,  None
40241343,  40247601,    100105,  Transition
40246549,  40253338,    100105,  None
40252314,  40267475,    100105,  Transition
40266427,  40282596,    100105,  None
40281563,  40284181,    100105,  Examine Eyes
40283159,  40287316,    100105, None
40286278,  40300380,    100105,  Take BP
40299349, 40338811,    100105,  None
40338812, 40338812, 100105, Location Sent
40338813, 40355771,    100105,  None
40355772, 40355772, 100105, Location Sent
40355773,  40360627,    100105,  None
38309009,  38316847,    100106,  Transition
38315867,  38324688,    100106,  None
38323654,  38327825,    100106,  Transition
38326804, 38364069,    100106,  None
38364070, 38364070, 100106, Location Sent
38364071,  38376532,    100106,  None
38375503,  38385433,    100106,  Transition
38384489, 38398854,    100106,  None
38398855, 38398855, 100106, Location Sent
38398856,  38419991,    100106,  None
38418964,  38430497,    100106,  Transition
38429455, 38439684,    100106,  None
38439685, 38439685, 100106, Location Sent
38439686,  38456674,    100106,  None
38455643,  38468770,    100106,  Transition
38467682, 38485775,    100106,  None
38485776, 38485776, 100106, Location Sent
38485777, 38499306,    100106,  None
38499307, 38499307, 100106, Location Sent
38499308,  38504341,    100106,  None
38503287,  38512698,    100106,  Transition
38511677, 38527664,    100106,  None
38527665, 38527665, 100106, Location Sent
38527666,  38556688,    100106,  None
38555667,  38560889,    100106,  Transition
38559848, 38577700,    100106,  None
38577701, 38577701, 100106, Location Sent
38577702,  38597016,    100106,  None
38595978,  38609127,    100106,  Transition
38608017,  38611167,    100106,  None
38610137,  38613258,    100106,  Whistle
38612268,  38615863,    100106, None
38614850,  38625299,    100106,  Flashlight
38624275, 38626657,    100106,  None
38626658, 38626658, 100106, Location Sent
38626659,  38645190,    100106,  None
38644165,  38652525,    100106,  Transition
38651525, 38663022,    100106,  None
38663023, 38663023, 100106, Location Sent
38663024,  38675051,    100106,  None
38674015,  38698096,    100106,  Transition
38697064, 38708951,    100106,  None
38708952, 38708952, 100106, Location Sent
38708953,  38715360,    100106,  None
38714355,  38719552,    100106,  Transition
38718656, 38732970,    100106,  None
38732971, 38732971, 100106, Requesting Back
38732972,  38738948,    100106,  None
38737907,  38741023,    100106,  Whistle
38740086,  38746381,    100106, None
38745255,  38749507,    100106,  High Wave
38748384,  38764607,    100106, None
38763567,  38768802,    100106,  Examine Eyes
38767768, 38826505,    100106, None
38826506, 38826506, 100106, Vitals Sent
38826507,  38833201,    100106,  None
39901011,  39904656,    100106,  Transition
39903634,  39912523,    100106,  None
39911618,  39918260,    100106,  Transition
39917248, 39936541,    100106,  None
39936542, 39936542, 100106, Location Sent
39936543,  39944536,    100106,  None
39943415,  39970628,    100106,  Transition
39969615, 39993195,    100106,  None
39993196, 39993196, 100106, Location Sent
39993197,  40001538,    100106,  None
40000570,  40019332,    100106,  Transition
40018317, 40042294,    100106,  None
40042295, 40042295, 100106, Location Sent
40042296,  40057565,    100106,  None
40056540,  40066500,    100106,  Transition
40065439,  40072291,    100106,  None
40071200,  40074862,    100106,  Whistle
40073819,  40083751,    100106,  None
40082729,  40086884,    100106,  Flashlight
40085859, 40090216,    100106,  None
40090217, 40090217, 100106, Location Sent
40090218,  40096318,    100106,  None
40095302,  40103670,    100106,  Transition
40102624,  40112569,    100106,  None
40111548,  40117281,    100106,  Whistle
40116252,  40119367,    100106,  None
40118337, 40122521,    100106,  Flashlight
40122522, 40122522, 100106, Location Sent
40122523,  40131429,    100106,  None
40130381,  40152395,    100106,  Transition
40151542, 40162033,    100106,  None
40162034, 40162034, 100106, Location Sent
40162035,  40168608,    100106,  None
40167586,  40177489,    100106,  Transition
40176485, 40188998,    100106,  None
40188999, 40188999, 100106, Location Sent
40189000,  40194267,    100106,  None
40193250,  40218360,    100106,  Transition
40217327,  40222548,    100106,  None
40221509,  40226215,    100106,  Whistle
40225230,  40229876,    100106,  Flashlight
40228849, 40231579,    100106,  None
40231580, 40231580, 100106, Location Sent
40231581,  40242438,    100106,  None
40241411,  40247698,    100106,  Transition
40246654,  40253428,    100106,  None
40252415,  40267593,    100106,  Transition
40266543, 40271741,    100106,  None
40271742, 40271742, 100106, Requesting Back
40271743,  40277527,    100106,  None
40276505,  40280168,    100106,  High Wave
40279132, 40319036,    100106,  None
40319037, 40319037, 100106, Vitals Sent
40319038,  40329382,    100106,  None
38515004,  38519092,    100107,  Transition
38518068,  38522695,    100107,  Shoulder Radio
38521664, 38522840,    100107,  None
38522841, 38522841, 100107, Location Sent
38522842,  38525779,    100107,  None
38524766,  38530420,    100107,  Flashlight
38529366,  38531934,    100107,  None
38530915,  38535520,    100107,  Whistle
38534490,  38539120,    100107,  None
38538108,  38544253,    100107,  Transition
38543232,  38550420,    100107,  None
38549376, 38553337,    100107,  Shoulder Radio
38553338, 38553338, 100107, Location Sent
38553339,  38554531,    100107,  None
38553502,  38559647,    100107,  Flashlight
38558650,  38564263,    100107,  Whistle
38563253,  38566844,    100107,  None
38565820,  38573032,    100107,  Transition
38571985,  38574538,    100107,  None
38573532,  38579161,    100107,  Shoulder Radio
38578140, 38579652,    100107,  None
38579653, 38579653, 100107, Location Sent
38579654,  38581721,    100107,  None
38580703,  38586435,    100107,  Flashlight
38585337,  38587375,    100107,  None
38586441,  38591974,    100107,  Whistle
38590987,  38593019,    100107,  None
38592002,  38597637,    100107,  Transition
38596641,  38598664,    100107,  None
38597645,  38602271,    100107,  Shoulder Radio
38601261, 38603773,    100107,  None
38603774, 38603774, 100107, Location Sent
38603775,  38610554,    100107,  None
38609462,  38615085,    100107,  Flashlight
38614081,  38620223,    100107,  Whistle
38619217,  38621261,    100107,  None
38620249,  38627925,    100107,  Transition
38626905,  38630491,    100107,  None
38629504,  38633578,    100107,  Shoulder Radio
38632569, 38633578,    100107,  None
38633579, 38633579, 100107, Location Sent
38633580,  38638721,    100107,  None
38637700,  38642306,    100107,  Flashlight
38641292,  38643354,    100107,  None
38642332,  38647437,    100107,  Whistle
38646430,  38648463,    100107,  None
38647463,  38653593,    100107,  Transition
38652589,  38656692,    100107,  None
38655683,  38659261,    100107,  Shoulder Radio
38658248, 38660598,    100107,  None
38660599, 38660599, 100107, Location Sent
38660600,  38663368,    100107,  None
38662371,  38668495,    100107,  Flashlight
38667496,  38670048,    100107,  None
38669008,  38672591,    100107,  Whistle
38671586,  38676709,    100107,  Transition
38675693,  38680301,    100107,  Shoulder Radio
38679298, 38681283,    100107,  None
38681284, 38681284, 100107, Location Sent
38681285,  38683366,    100107,  None
38682379,  38691604,    100107,  Flashlight
38690590,  38696723,    100107,  None
38695722,  38702901,    100107,  Transition
38701880,  38704434,    100107,  None
38703411,  38710585,    100107,  Shoulder Radio
38709573, 38711222,    100107,  None
38711223, 38711223, 100107, Location Sent
38711224,  38714730,    100107,  None
38713707,  38719330,    100107,  Flashlight
38718310,  38722402,    100107,  Whistle
38721423,  38723942,    100107,  None
38722944,  38727033,    100107,  Transition
38726023,  38729599,    100107,  None
38728578, 38735289,    100107,  Shoulder Radio
38735290, 38735290, 100107, Location Sent
38735291,  38736277,    100107,  None
38735254,  38742420,    100107,  Flashlight
38741408,  38744498,    100107,  None
38743480,  38746541,    100107,  Whistle
38745540,  38748598,    100107,  None
38747582,  38751688,    100107,  Transition
38750674,  38752679,    100107,  None
38751696,  38756300,    100107,  Shoulder Radio
38755292, 38756772,    100107,  None
38756773, 38756773, 100107, Location Sent
38756774,  38758378,    100107,  None
38757311,  38765554,    100107,  Flashlight
38764539,  38766548,    100107,  None
38765563,  38772208,    100107,  Whistle
38771197,  38773263,    100107,  None
38772216,  38776835,    100107,  Transition
38775815,  38781454,    100107,  None
38780431, 38784821,    100107,  Shoulder Radio
38784822, 38784822, 100107, Location Sent
38784823,  38785558,    100107,  Shoulder Radio
38784549,  38786591,    100107,  None
38785564,  38795306,    100107,  Flashlight
38794316,  38798387,    100107,  Whistle
38797382,  38799416,    100107,  None
38798418,  38802495,    100107,  Transition
38801494,  38803518,    100107,  None
38802503,  38807624,    100107,  Shoulder Radio
38806618, 38807901,    100107,  None
38807902, 38807902, 100107, Location Sent
38807903,  38809730,    100107,  None
38808682,  38815323,    100107,  Flashlight
38814321,  38817389,    100107,  None
38816385,  38820452,    100107,  Whistle
38819462,  38822008,    100107,  None
38821003,  38825613,    100107,  Transition
38824598,  38826626,    100107,  None
38825620, 38829601,    100107,  Shoulder Radio
38829602, 38829602, 100107, Location Sent
38829603,  38830735,    100107,  None
38829735,  38842526,    100107,  Flashlight
38841544,  38843049,    100107, None
38842043,  38844605,    100107,  Whistle
38843595,  38847167,    100107,  None
38846169,  38851270,    100107,  Transition
38850285, 38857060,    100107,  None
38857061, 38857061, 100107, Location Sent
38857062,  38868732,    100107,  None
38867731,  38872330,    100107,  Transition
38871303, 38877322,    100107,  None
38877323, 38877323, 100107, Location Sent
38877324,  38892350,    100107,  None
38891341,  38906738,    100107,  Transition
38905720,  38907764,    100107,  None
38906747, 38910972,    100107,  Shoulder Radio
38910973, 38910973, 100107, Location Sent
38910974,  38916472,    100107,  Flashlight
38915472,  38918546,    100107,  Whistle
38917513,  38925711,    100107,  Transition
38924713,  38928291,    100107,  None
38927277,  38931379,    100107,  Shoulder Radio
38930355, 38931822,    100107,  None
38931823, 38931823, 100107, Location Sent
38931824,  38932397,    100107,  None
38931389,  38937535,    100107,  Flashlight
38936538,  38940094,    100107,  None
38939076,  38945758,    100107,  Transition
38944754, 38947756,    100107,  None
38947757, 38947757, 100107, Location Sent
38947758, 38953637,    100107,  None
38953638, 38953638, 100107, Requesting Back
38953639,  38957612,    100107,  None
38956536,  38961671,    100107,  Whistle
38960631,  38964739,    100107,  None
38963733,  38966292,    100107,  High Wave
38965261,  38972437,    100107,  None
38971445,  38973487,    100107,  Flashlight
38972467,  38973982,    100107, None
38972967,  38976046,    100107,  Examine Eyes
38975010,  38984759,    100107, None
38983758,  39023273,    100107,  Take BP
39022259, 39027284,    100107,  None
39027285, 39027285, 100107, Vitals Sent
39027286,  39055103,    100107,  None
40538012,  40540070,    100107,  None
40539054, 40541801,    100107,  Shoulder Radio
40541802, 40541802, 100107, Location Sent
40541803,  40543231,    100107,  Shoulder Radio
40542194,  40544272,    100107,  None
40543234,  40546882,    100107,  Flashlight
40545855,  40548986,    100107,  Whistle
40547958,  40554220,    100107,  Transition
40553189, 40555680,    100107,  Shoulder Radio
40555681, 40555681, 100107, Location Sent
40555682,  40558398,    100107,  Shoulder Radio
40557387,  40562146,    100107,  Flashlight
40561035,  40563652,    100107,  None
40562603,  40565751,    100107,  Transition
40564721,  40568383,    100107,  None
40567328, 40569410,    100107,  Shoulder Radio
40569411, 40569411, 100107, Location Sent
40569412,  40570977,    100107,  Shoulder Radio
40569950,  40576230,    100107,  Flashlight
40575189,  40577277,    100107,  None
40576233,  40579879,    100107,  Transition
40578850,  40580930,    100107,  None
40579891, 40582261,    100107,  Shoulder Radio
40582262, 40582262, 100107, Location Sent
40582263,  40583017,    100107,  Shoulder Radio
40582009,  40586710,    100107,  Flashlight
40585667,  40589329,    100107,  Whistle
40588296,  40591420,    100107,  Transition
40590371,  40592466,    100107,  None
40591423, 40593297,    100107,  Shoulder Radio
40593298, 40593298, 100107, Location Sent
40593299,  40595061,    100107,  Shoulder Radio
40594046,  40596131,    100107,  None
40595090,  40600306,    100107,  Flashlight
40599269,  40602408,    100107,  Whistle
40601366,  40603460,    100107,  None
40602410,  40606592,    100107,  Transition
40605579,  40607629,    100107,  None
40606594, 40608680,    100107,  Shoulder Radio
40608681, 40608681, 100107, Location Sent
40608682,  40611835,    100107,  Shoulder Radio
40610806,  40618632,    100107,  Flashlight
40617601,  40619680,    100107,  None
40618662,  40621298,    100107,  Whistle
40620226,  40622304,    100107,  None
40621362,  40624421,    100107,  Transition
40623361,  40625437,    100107,  None
40624494, 40627951,    100107,  Shoulder Radio
40627952, 40627952, 100107, Location Sent
40627953,  40629640,    100107,  Shoulder Radio
40628606,  40630761,    100107,  None
40629643,  40633885,    100107,  Flashlight
40632793,  40635392,    100107,  Whistle
40634353,  40636458,    100107,  None
40635423,  40638539,    100107,  Transition
40637517, 40640883,    100107,  Shoulder Radio
40640884, 40640884, 100107, Location Sent
40640885,  40641733,    100107,  Shoulder Radio
40640672,  40642729,    100107,  None
40641738,  40649026,    100107,  Flashlight
40647996,  40651622,    100107,  Whistle
40650589,  40653732,    100107,  None
40652710,  40658453,    100107,  Transition
40657423,  40659488,    100107,  None
40658456, 40661025,    100107,  Shoulder Radio
40661026, 40661026, 100107, Location Sent
40661027,  40663157,    100107, Shoulder Radio
40662127,  40666310,    100107,  Flashlight
40665275,  40668904,    100107,  Whistle
40667879,  40670505,    100107,  Transition
40669440, 40672359,    100107,  Shoulder Radio
40672360, 40672360, 100107, Location Sent
40672361,  40674159,    100107,  Shoulder Radio
40673131,  40676772,    100107,  Flashlight
40675746,  40679379,    100107,  Whistle
40678355,  40681471,    100107,  None
40680457,  40683054,    100107,  Transition
40682017, 40684678,    100107,  Shoulder Radio
40684679, 40684679, 100107, Location Sent
40684680,  40686202,    100107,  Shoulder Radio
40685152,  40689334,    100107,  Flashlight
40688294,  40691445,    100107,  Whistle
40690397,  40692483,    100107,  None
40691450,  40694065,    100107,  Transition
40693110, 40695772,    100107,  Shoulder Radio
40695773, 40695773, 100107, Location Sent
40695774,  40697733,    100107,  Shoulder Radio
40696690,  40701899,    100107,  Flashlight
40700872,  40704006,    100107,  Whistle
40702959,  40706618,    100107,  Transition
40705652, 40708810,    100107,  None
40708811, 40708811, 100107, Location Sent
40708812,  40716043,    100107,  None
40715059,  40717624,    100107,  Transition
40716583, 40723805,    100107,  None
40723806, 40723806, 100107, Location Sent
40723807,  40731765,    100107,  None
40730733,  40734374,    100107,  Transition
40733341, 40736619,    100107,  None
40736620, 40736620, 100107, Location Sent
40736621,  40741730,    100107,  None
40740685,  40745383,    100107,  Transition
40744356,  40746441,    100107,  None
40745387, 40747981,    100107,  Shoulder Radio
40747982, 40747982, 100107, Location Sent
40747983,  40748529,    100107,  Shoulder Radio
40747480,  40752175,    100107,  Flashlight
40751144,  40755310,    100107,  Whistle
40754284,  40759511,    100107,  Transition
40758490,  40761616,    100107,  None
40760584, 40762717,    100107,  Shoulder Radio
40762718, 40762718, 100107, Location Sent
40762719,  40764735,    100107,  Shoulder Radio
40763727,  40768420,    100107,  Flashlight
40767393,  40770535,    100107,  Whistle
40769464,  40775745,    100107,  Transition
40774732,  40776831,    100107,  None
40775754, 40778603,    100107,  Shoulder Radio
40778604, 40778604, 100107, Location Sent
40778605,  40780534,    100107,  Shoulder Radio
40779455,  40783653,    100107,  Flashlight
40782580,  40785168,    100107,  Whistle
40784147,  40791458,    100107,  Transition
40790437,  40793072,    100107,  None
40791996, 40794609,    100107,  Shoulder Radio
40794610, 40794610, 100107, Location Sent
40794611,  40795647,    100107,  Shoulder Radio
40794636,  40799851,    100107,  Flashlight
40798807,  40803001,    100107,  Whistle
40801955,  40805080,    100107,  Transition
40804070, 40807501,    100107,  Shoulder Radio
40807502, 40807502, 100107, Location Sent
40807503,  40809264,    100107,  Shoulder Radio
40808252,  40813488,    100107,  Flashlight
40812454,  40813982,    100107, None
40812951,  40815556,    100107, Whistle
40814544,  40821306,    100107,  None
40820312,  40830729,    100107,  Transition
40829722, 40832075,    100107,  None
40832076, 40832076, 100107, Location Sent
40832077,  40833362,    100107,  None
40832336,  40836594,    100107,  Shoulder Radio
40835472, 40838018,    100107,  None
40838019, 40838019, 100107, Requesting Back
40838020,  40842872,    100107,  None
38515000,  38519075,    100108,  Transition
38518071,  38522674,    100108,  Shoulder Radio
38521644, 38523402,    100108,  None
38523403, 38523403, 100108, Location Sent
38523404,  38525728,    100108,  None
38524736,  38534443,    100108,  Flashlight
38533424,  38539048,    100108,  None
38538026,  38544681,    100108,  Transition
38543666,  38546731,    100108,  None
38545708,  38551322,    100108,  Shoulder Radio
38550336, 38552777,    100108,  None
38552778, 38552778, 100108, Location Sent
38552779, 38553185,    100108,  None
38553186, 38553186, 100108, Location Sent
38553187,  38554404,    100108,  None
38553407,  38564641,    100108,  Flashlight
38563669,  38567224,    100108,  None
38566208,  38572841,    100108,  Transition
38571830, 38579446,    100108,  None
38579447, 38579447, 100108, Location Sent
38579448,  38581558,    100108,  None
38580539,  38586670,    100108,  Flashlight
38585679,  38592813,    100108,  None
38591813,  38597424,    100108,  Transition
38596418,  38598450,    100108,  None
38597439,  38602546,    100108,  Shoulder Radio
38601528, 38603408,    100108,  None
38603409, 38603409, 100108, Location Sent
38603410,  38610733,    100108,  None
38609725,  38617394,    100108,  Flashlight
38616378,  38621504,    100108,  None
38620472,  38628140,    100108,  Transition
38627132,  38629673,    100108,  None
38628672,  38635352,    100108,  Shoulder Radio
38634318, 38636370,    100108,  None
38636371, 38636371, 100108, Location Sent
38636372,  38638443,    100108,  None
38637387,  38644533,    100108,  Flashlight
38643517,  38648625,    100108,  None
38647612,  38653245,    100108,  Transition
38652233,  38655282,    100108,  None
38654284, 38660400,    100108,  Shoulder Radio
38660401, 38660401, 100108, Location Sent
38660402,  38663532,    100108,  None
38662470,  38670642,    100108,  Flashlight
38669738,  38673197,    100108,  None
38672194,  38676272,    100108,  Transition
38675264,  38676784,    100108,  None
38675821,  38682410,    100108,  Shoulder Radio
38681413, 38682639,    100108,  None
38682640, 38682640, 100108, Location Sent
38682641,  38684002,    100108,  None
38682954,  38691629,    100108,  Flashlight
38690622,  38696770,    100108,  None
38695762,  38702904,    100108,  Transition
38701902,  38704946,    100108,  None
38703959,  38710603,    100108,  Shoulder Radio
38709572, 38713274,    100108,  None
38713275, 38713275, 100108, Location Sent
38713276,  38714686,    100108,  None
38713665,  38721325,    100108,  Flashlight
38720334,  38723904,    100108,  None
38722884,  38726982,    100108,  Transition
38725971,  38727481,    100108,  None
38726513,  38737723,    100108,  Shoulder Radio
38736722, 38737960,    100108,  None
38737961, 38737961, 100108, Location Sent
38737962,  38739261,    100108,  None
38738374,  38746416,    100108,  Flashlight
38745432,  38748468,    100108,  None
38747474,  38751545,    100108,  Transition
38750532, 38758282,    100108,  Shoulder Radio
38758283, 38758283, 100108, Location Sent
38758284,  38762292,    100108,  None
38761281,  38770487,    100108,  Flashlight
38769561,  38773040,    100108,  None
38772036,  38777146,    100108,  Transition
38776137,  38782271,    100108,  None
38781276, 38787654,    100108,  Shoulder Radio
38787655, 38787655, 100108, Location Sent
38787656,  38788415,    100108,  Shoulder Radio
38787415,  38790463,    100108,  None
38789441,  38795580,    100108,  Flashlight
38794620,  38799667,    100108,  None
38798692,  38802744,    100108,  Transition
38801751,  38803264,    100108,  None
38802254,  38807374,    100108,  Shoulder Radio
38806351, 38810789,    100108,  None
38810790, 38810790, 100108, Location Sent
38810791,  38811469,    100108,  None
38810447,  38817614,    100108,  Flashlight
38816600,  38822217,    100108,  None
38821190,  38825294,    100108,  Transition
38824269,  38826301,    100108,  None
38825300,  38831413,    100108,  Shoulder Radio
38830421, 38832814,    100108,  None
38832815, 38832815, 100108, Location Sent
38832816,  38834490,    100108,  None
38833491,  38842704,    100108,  Flashlight
38841706,  38846796,    100108,  None
38845783,  38851395,    100108,  Transition
38850403, 38858827,    100108,  None
38858828, 38858828, 100108, Location Sent
38858829,  38868286,    100108,  None
38867277,  38872461,    100108,  Transition
38871388, 38880390,    100108,  None
38880391, 38880391, 100108, Location Sent
38880392,  38892371,    100108,  None
38891348,  38906729,    100108,  Transition
38905685,  38907727,    100108,  None
38906788,  38912339,    100108,  Shoulder Radio
38911329, 38913022,    100108,  None
38913023, 38913023, 100108, Location Sent
38913024,  38913868,    100108,  None
38912854,  38918486,    100108,  Flashlight
38917469,  38918989,    100108,  None
38917973,  38925634,    100108,  Transition
38924628,  38928724,    100108,  None
38927701,  38931271,    100108,  Shoulder Radio
38930259, 38932248,    100108,  None
38932249, 38932249, 100108, Location Sent
38932250,  38937432,    100108,  Flashlight
38936405,  38939968,    100108,  None
38938987,  38945620,    100108,  Transition
38944605, 38947880,    100108,  None
38947881, 38947881, 100108, Location Sent
38947882, 38953230,    100108,  None
38953231, 38953231, 100108, Requesting Back
38953232,  38957900,    100108,  None
38956903,  38961503,    100108, Whistle
38960494,  38967132,    100108,  None
38966191,  38968150,    100108,  Transition
38967137,  38968681,    100108, None
38967660,  38969240,    100108, High Wave
38968156,  38976325,    100108, None
38975368,  38977365,    100108,  Examine Eyes
38976354,  39023437,    100108,  None
39022433,  39040344,    100108,  Take BP
39039329, 39048665,    100108,  None
39048666, 39048666, 100108, Vitals Sent
39048667,  39053141,    100108,  None
40538027, 40542411,    100108,  Shoulder Radio
40542412, 40542412, 100108, Location Sent
40542413,  40543125,    100108,  Shoulder Radio
40542180,  40544183,    100108,  None
40543162,  40547762,    100108,  Flashlight
40546734,  40548751,    100108,  None
40547768,  40554414,    100108,  Transition
40553402, 40557025,    100108,  Shoulder Radio
40557026, 40557026, 100108, Location Sent
40557027,  40559172,    100108,  None
40557982,  40561547,    100108,  Flashlight
40560548,  40563609,    100108, None
40562615,  40565652,    100108,  Transition
40564639,  40568739,    100108,  None
40567727, 40569997,    100108,  Shoulder Radio
40569998, 40569998, 100108, Location Sent
40569999,  40571289,    100108,  Shoulder Radio
40570281,  40577423,    100108,  None
40576412,  40580014,    100108,  Transition
40579102, 40582433,    100108,  Shoulder Radio
40582434, 40582434, 100108, Location Sent
40582435,  40583573,    100108,  Shoulder Radio
40582578,  40584614,    100108,  None
40583595,  40587721,    100108,  Flashlight
40586682,  40588696,    100108,  None
40587730,  40591263,    100108,  Transition
40590267,  40592288,    100108,  None
40591284, 40595163,    100108,  Shoulder Radio
40595164, 40595164, 100108, Location Sent
40595165,  40596367,    100108,  None
40595405,  40599970,    100108,  Flashlight
40598996,  40603529,    100108,  None
40602519,  40606623,    100108,  Transition
40605614,  40608177,    100108,  None
40607165, 40610510,    100108,  Shoulder Radio
40610511, 40610511, 100108, Location Sent
40610512,  40611731,    100108,  Shoulder Radio
40610760,  40617398,    100108,  None
40616404,  40621475,    100108,  Whistle
40620451,  40622507,    100108,  None
40621481,  40624559,    100108,  Transition
40623535,  40625572,    100108,  None
40624564, 40627856,    100108,  Shoulder Radio
40627857, 40627857, 100108, Location Sent
40627858,  40628651,    100108,  Shoulder Radio
40627648,  40636342,    100108,  None
40635312,  40638877,    100108,  Transition
40637867, 40644366,    100108,  Shoulder Radio
40644367, 40644367, 100108, Location Sent
40644368,  40653738,    100108,  None
40652715,  40658350,    100108,  Transition
40657336,  40659377,    100108,  None
40658354, 40661085,    100108,  Shoulder Radio
40661086, 40661086, 100108, Location Sent
40661087,  40663956,    100108,  Shoulder Radio
40662958,  40666518,    100108,  Flashlight
40665526,  40668574,    100108,  None
40667560,  40670113,    100108,  Transition
40669108, 40672288,    100108,  Shoulder Radio
40672289, 40672289, 100108, Location Sent
40672290,  40674744,    100108,  Shoulder Radio
40673698,  40678299,    100108,  Flashlight
40677302,  40681372,    100108,  None
40680379,  40683435,    100108,  Transition
40682427, 40684451,    100108,  Shoulder Radio
40684452, 40684452, 100108, Location Sent
40684453,  40686507,    100108,  Shoulder Radio
40685487,  40690089,    100108,  Flashlight
40689087,  40692666,    100108,  None
40691644,  40694175,    100108,  Transition
40693184, 40695612,    100108,  None
40695613, 40695613, 100108, Location Sent
40695614,  40697766,    100108,  Shoulder Radio
40696756,  40702375,    100108,  Flashlight
40701371,  40704418,    100108,  None
40703416,  40706483,    100108,  Transition
40705469, 40708299,    100108,  None
40708300, 40708300, 100108, Location Sent
40708301,  40716248,    100108,  None
40715195,  40717724,    100108,  Transition
40716716, 40723372,    100108,  None
40723373, 40723373, 100108, Location Sent
40723374,  40731553,    100108,  None
40730559,  40734638,    100108,  Transition
40733623, 40735033,    100108,  None
40735034, 40735034, 100108, Location Sent
40735035,  40741363,    100108,  None
40740267,  40745902,    100108,  Transition
40744882, 40747147,    100108,  Shoulder Radio
40747148, 40747148, 100108, Location Sent
40747149,  40749986,    100108,  Shoulder Radio
40748985,  40754587,    100108,  Flashlight
40753573,  40755619,    100108,  None
40754605,  40759710,    100108,  Transition
40758714,  40760741,    100108,  None
40759738, 40762268,    100108,  Shoulder Radio
40762269, 40762269, 100108, Location Sent
40762270,  40768424,    100108,  Shoulder Radio
40767420,  40770983,    100108,  None
40769971,  40775639,    100108,  Transition
40774588,  40783782,    100108,  Shoulder Radio
40782782,  40785316,    100108,  None
40784303,  40791460,    100108,  Transition
40790468,  40795562,    100108,  Shoulder Radio
40794557,  40799659,    100108,  Flashlight
40798652,  40802201,    100108,  None
40801209,  40805309,    100108,  Transition
40804287,  40810417,    100108,  Shoulder Radio
40809410, 40811550,    100108,  Flashlight
40811551, 40811551, 100108, Location Sent
40811552,  40813483,    100108,  Flashlight
40812464,  40821678,    100108,  None
40820669,  40830397,    100108,  Transition
40829378, 40832993,    100108,  Shoulder Radio
40832994, 40832994, 100108, Location Sent
40832995,  40836534,    100108,  Shoulder Radio
40835525, 40838586,    100108,  None
40838587, 40838587, 100108, Requesting Back
40838588,  40841632,    100108,  None
40840625,  40845235,    100108,  Whistle
40844281,  40846256,    100108,  None
40845240,  40848311,    100108,  High Wave
40847360,  40900535,    100108, None
39131027,  39135723,    100109,  Transition
39134702,  39137780,    100109,  None
39136490,  39141599,    100109,  Shoulder Radio
39140435, 39144723,    100109,  None
39144724, 39144724, 100109, Location Sent
39144725,  39149504,    100109,  None
39148451,  39152629,    100109,  Flashlight
39151606,  39153686,    100109,  None
39152660,  39156820,    100109,  Whistle
39155784,  39158372,    100109,  None
39157349,  39165719,    100109,  Transition
39164680,  39166741,    100109,  None
39165721, 39169952,    100109,  Shoulder Radio
39169953, 39169953, 100109, Location Sent
39169954,  39173541,    100109,  Flashlight
39172507,  39176165,    100109,  Whistle
39175113,  39179280,    100109,  None
39178283,  39183988,    100109,  Transition
39182960,  39187147,    100109,  None
39186093,  39189248,    100109,  Shoulder Radio
39188202, 39189879,    100109,  None
39189880, 39189880, 100109, Location Sent
39189881,  39190811,    100109,  None
39189779,  39195491,    100109,  Flashlight
39194465,  39197578,    100109,  None
39196557,  39201238,    100109,  Whistle
39200207,  39204903,    100109,  None
39203869,  39210652,    100109,  Transition
39209615,  39213783,    100109,  None
39212756,  39216412,    100109,  Shoulder Radio
39215388, 39218009,    100109,  None
39218010, 39218010, 100109, Location Sent
39218011,  39221110,    100109,  None
39220093,  39225302,    100109,  Flashlight
39224274,  39227916,    100109,  Whistle
39226873,  39234706,    100109, None
39233691,  39238361,    100109,  Transition
39237319,  39242552,    100109,  None
39241518,  39246212,    100109,  Shoulder Radio
39245221, 39246652,    100109,  None
39246653, 39246653, 100109, Location Sent
39246654,  39249333,    100109,  None
39248308,  39254584,    100109,  Flashlight
39253555,  39255620,    100109,  None
39254591,  39259294,    100109,  Whistle
39258242,  39261369,    100109,  None
39260354,  39266590,    100109,  Transition
39265566,  39268159,    100109,  None
39267139,  39269745,    100109,  Shoulder Radio
39268719,  39271308,    100109,  None
39270282,  39273920,    100109,  Flashlight
39272917, 39274330,    100109,  None
39274331, 39274331, 100109, Location Sent
39274332,  39276527,    100109,  None
39275496,  39279691,    100109,  Whistle
39278646,  39287499,    100109,  None
39286467,  39291680,    100109,  Transition
39290668,  39299019,    100109,  None
39297975,  39301112,    100109,  Shoulder Radio
39300103, 39303235,    100109,  Flashlight
39303236, 39303236, 100109, Location Sent
39303237,  39316802,    100109,  None
39315776,  39319390,    100109,  Transition
39318377,  39321503,    100109,  None
39320461,  39323589,    100109,  Shoulder Radio
39322558, 39326648,    100109,  None
39326649, 39326649, 100109, Location Sent
39326650,  39328276,    100109,  None
39327283,  39331415,    100109,  Flashlight
39330394,  39332987,    100109,  None
39331957,  39336133,    100109,  Whistle
39335095,  39337687,    100109,  None
39336673,  39346584,    100109,  Transition
39345546,  39348670,    100109,  None
39347650,  39352855,    100109,  Shoulder Radio
39351827, 39354471,    100109,  None
39354472, 39354472, 100109, Location Sent
39354473,  39356506,    100109,  None
39355477,  39361733,    100109,  Flashlight
39360712,  39364347,    100109,  Whistle
39363331,  39370617,    100109,  None
39369608,  39375327,    100109,  Transition
39374288,  39378455,    100109,  None
39377443,  39382137,    100109,  Shoulder Radio
39381103, 39382972,    100109,  None
39382973, 39382973, 100109, Location Sent
39382974,  39386834,    100109,  None
39385809,  39392563,    100109,  Flashlight
39391540,  39396746,    100109,  None
39395732,  39400416,    100109,  Whistle
39399393,  39406172,    100109, None
39405137,  39411395,    100109,  Transition
39410375,  39412438,    100109,  None
39411408,  39416658,    100109,  Shoulder Radio
39415665, 39417650,    100109,  None
39417651, 39417651, 100109, Location Sent
39417652,  39420294,    100109,  None
39419191,  39427648,    100109,  Flashlight
39426624,  39429209,    100109,  None
39428356,  39432367,    100109,  Whistle
39431281,  39434800,    100109,  None
39433566,  39438562,    100109,  Transition
39437545,  39455232,    100109,  None
39454169,  39460566,    100109,  Transition
39459499, 39475516,    100109,  None
39475517, 39475517, 100109, Location Sent
39475518,  39484592,    100109,  None
39483554,  39487728,    100109,  Transition
39486686,  39497662,    100109,  None
39496635,  39501860,    100109,  Shoulder Radio
39500806, 39503423,    100109,  None
39503424, 39503424, 100109, Location Sent
39503425,  39504973,    100109,  None
39503932,  39510715,    100109,  Flashlight
39509697,  39512816,    100109,  None
39511799,  39515415,    100109,  Whistle
39514410,  39516999,    100109,  None
39515979,  39519090,    100109,  Transition
39518077, 39531716,    100109,  None
39531717, 39531717, 100109, Location Sent
39531718,  39555692,    100109,  None
39554683,  39560388,    100109,  Transition
39559361, 39578009,    100109,  None
39578010, 39578010, 100109, Location Sent
39578011,  39589658,    100109,  None
39588588,  39592228,    100109,  Transition
39591197, 39598063,    100109,  None
39598064, 39598064, 100109, Requesting Back
39598065,  39603318,    100109,  None
39602217,  39606516,    100109,  Shoulder Radio
39605434,  39608073,    100109, None
39607116,  39608621,    100109, High Wave
39607523,  39612174,    100109, None
39611160,  39614276,    100109,  Examine Eyes
39613249,  39625725,    100109, None
39624694,  39649247,    100109,  Take BP
39648216, 39652598,    100109,  None
39652599, 39652599, 100109, Vitals Sent
39652600,  39656768,    100109,  None
40635004,  40637639,    100109,  Transition
40636731,  40639684,    100109,  None
40638705,  40642819,    100109,  Shoulder Radio
40641817,  40644893,    100109,  Whistle
40643880,  40645419,    100109, None
40644401, 40647903,    100109,  Flashlight
40647904, 40647904, 100109, Location Sent
40647905,  40651713,    100109,  None
40650680,  40656394,    100109,  Transition
40655383,  40657975,    100109,  None
40656963,  40660059,    100109,  Shoulder Radio
40659035,  40661102,    100109,  None
40660081,  40663731,    100109,  Whistle
40662692, 40668090,    100109,  Flashlight
40668091, 40668091, 100109, Location Sent
40668092,  40671560,    100109,  None
40670528,  40682540,    100109,  Transition
40681507,  40686211,    100109,  Shoulder Radio
40685180,  40689332,    100109,  Whistle
40688335, 40691437,    100109,  Flashlight
40691438, 40691438, 100109, Location Sent
40691439,  40693508,    100109,  Flashlight
40692482,  40701349,    100109,  Transition
40700334,  40703467,    100109,  None
40702437,  40705541,    100109,  Shoulder Radio
40704528,  40708687,    100109,  Whistle
40707665, 40711231,    100109,  Flashlight
40711232, 40711232, 100109, Location Sent
40711233,  40712332,    100109,  Flashlight
40711304,  40713385,    100109,  None
40712360,  40717039,    100109,  Transition
40715993,  40719660,    100109,  Shoulder Radio
40718628,  40721240,    100109,  None
40720191,  40722269,    100109,  Whistle
40721258, 40725382,    100109,  Flashlight
40725383, 40725383, 100109, Location Sent
40725384,  40727503,    100109,  Flashlight
40726458,  40734825,    100109,  Transition
40733784,  40737424,    100109,  Shoulder Radio
40736384,  40738993,    100109,  Whistle
40737984, 40740737,    100109,  Flashlight
40740738, 40740738, 100109, Location Sent
40740739,  40742150,    100109,  Flashlight
40741108,  40743696,    100109,  None
40742680,  40745271,    100109,  Transition
40744247,  40747372,    100109,  None
40746327,  40749978,    100109,  Shoulder Radio
40748931,  40750506,    100109, None
40749470,  40753102,    100109,  Whistle
40752071, 40755660,    100109,  Flashlight
40755661, 40755661, 100109, Location Sent
40755662,  40757289,    100109,  Flashlight
40756333,  40762527,    100109,  Transition
40761488,  40763576,    100109,  None
40762533,  40766202,    100109,  Shoulder Radio
40765154,  40767226,    100109,  None
40766207,  40768804,    100109,  Whistle
40767762, 40772721,    100109,  Flashlight
40772722, 40772722, 100109, Location Sent
40772723,  40775065,    100109,  None
40774036,  40777676,    100109,  Transition
40776655,  40779252,    100109,  None
40778213,  40780812,    100109,  Shoulder Radio
40779786,  40783450,    100109,  Whistle
40782419, 40787193,    100109,  Flashlight
40787194, 40787194, 100109, Location Sent
40787195,  40788136,    100109,  Flashlight
40787138,  40789700,    100109,  None
40788669,  40792307,    100109,  Transition
40791284,  40793374,    100109,  None
40792325,  40795460,    100109,  Shoulder Radio
40794415,  40796519,    100109,  None
40795488,  40798591,    100109,  Whistle
40797574, 40801840,    100109,  Flashlight
40801841, 40801841, 100109, Location Sent
40801842,  40803839,    100109,  Flashlight
40802805,  40809583,    100109,  Transition
40808536,  40810601,    100109,  None
40809591,  40813219,    100109,  Shoulder Radio
40812192,  40815851,    100109,  Whistle
40814802, 40819361,    100109,  Flashlight
40819362, 40819362, 100109, Location Sent
40819363,  40820040,    100109,  Flashlight
40818986,  40823669,    100109,  None
40822650,  40827361,    100109,  Transition
40826316, 40836039,    100109,  None
40836040, 40836040, 100109, Location Sent
40836041,  40839353,    100109,  None
40838346,  40842492,    100109,  Transition
40841500,  40844072,    100109,  None
40843046,  40846665,    100109,  Shoulder Radio
40845656,  40848779,    100109,  None
40847764,  40850350,    100109, Whistle
40849327, 40853445,    100109,  Flashlight
40853446, 40853446, 100109, Location Sent
40853447,  40855029,    100109,  Flashlight
40854023,  40856624,    100109,  None
40855587,  40862354,    100109,  Transition
40861335,  40863406,    100109,  None
40862377,  40866537,    100109,  Shoulder Radio
40865512,  40867606,    100109,  None
40866569,  40870207,    100109,  Whistle
40869170, 40872917,    100109,  Flashlight
40872918, 40872918, 100109, Location Sent
40872919,  40874391,    100109,  Flashlight
40873387,  40875430,    100109,  None
40874395,  40881713,    100109,  Transition
40880699,  40883273,    100109,  None
40882251,  40886928,    100109,  Shoulder Radio
40885895,  40889022,    100109,  Whistle
40887993, 40893475,    100109,  Flashlight
40893476, 40893476, 100109, Location Sent
40893477,  40894265,    100109,  Flashlight
40893230,  40917774,    100109,  None
40916751,  40922502,    100109,  Transition
40921460, 40928347,    100109,  None
40928348, 40928348, 100109, Requesting Back
40928349,  40932253,    100109,  None
40931225,  40933878,    100109,  Shoulder Radio
40932789,  40934916,    100109,  Examine Eyes
40933923,  40939122,    100109,  None
40938079,  40944844,    100109, Take BP
40943898,  40945899,    100109,  None
40944905,  40958616,    100109,  Take BP
40957493,  40962224,    100109,  None
