Shoulder Radio, Flashlight, Whistle, High Wave, Examine Eyes, Take BP, Walking, Location Sent, Requesting Backup, Vitals Sent, Shoulder Radio Start, Shoulder Radio End, Shoulder Radio Delta, Flashlight Start, Flashlight End, Flashlight Delta, Whistle Start, Whistle End, Whistle Delta, High Wave Start, High Wave End, High Wave Delta, Examine Eyes Start, Examine Eyes End, Examine Eyes Delta, Take BP Start, Take BP End, Take BP Delta, Distance Magnitude, App Usage Count, User, Anomaly
1, 1, 1, 0, 0, 0, 0, 1, 0, 0, 37402751,   37412497, 9.746, 37424317,   37439705, 15.388, 37438697,   37445353, 6.656, 0, 0, 0, 0, 0, 0, 0, 0, 0, 1.84073538488, 0,     100101, Normal
1, 1, 1, 0, 0, 0, 0, 1, 0, 0, 37457685,   37464859, 7.174, 37470525,   37480264, 9.739, 37480290,   37485414, 5.124, 0, 0, 0, 0, 0, 0, 0, 0, 0, 1.24168776838, 4,     100101, Normal
1, 1, 1, 0, 0, 0, 0, 1, 0, 0, 37498778,   37506447, 7.669, 37507489,  37512226, 4.737, 37513137,   37517234, 4.097, 0, 0, 0, 0, 0, 0, 0, 0, 0, 2.65483060001, 2,     100101, Normal
1, 1, 1, 0, 0, 0, 0, 1, 0, 0, 37524954,   37534174, 9.22, 37535222,   37548058, 12.836, 37548567,   37552664, 4.097, 0, 0, 0, 0, 0, 0, 0, 0, 0, 2.68560080654, 4,     100101, Normal
1, 1, 1, 0, 0, 0, 0, 1, 0, 0, 37560900,   37569099, 8.199, 37570127,   37578340, 8.213, 37578863,   37584489, 5.626, 0, 0, 0, 0, 0, 0, 0, 0, 0, 2.83484599766, 4,     100101, Normal
1, 1, 1, 0, 0, 0, 0, 1, 0, 0, 37598880,   37610688, 11.808, 37611716,   37617865, 6.149, 37617874,   37621976, 4.102, 0, 0, 0, 0, 0, 0, 0, 0, 0, 0.201925694727, 2,     100101, Normal
1, 1, 1, 0, 0, 0, 0, 1, 0, 0, 37627637,   37634292, 6.655, 37636374,   37643541, 7.167, 37643560,   37648670, 5.11, 0, 0, 0, 0, 0, 0, 0, 0, 0, 0.952602331484, 2,     100101, Normal
1, 1, 1, 0, 0, 0, 0, 1, 0, 0, 37654334,   37662019, 7.685, 37662553,   37670240, 7.687, 37669229,   37673314, 4.085, 0, 0, 0, 0, 0, 0, 0, 0, 0, 1.39450991727, 3,     100101, Normal
1, 1, 1, 0, 0, 0, 0, 1, 0, 0, 37682570,  37689686, 7.116, 37690790,   37696423, 5.633, 37695410,   37700020, 4.61, 0, 0, 0, 0, 0, 0, 0, 0, 0, 2.11070982466, 3,     100101, Normal
1, 1, 1, 0, 0, 0, 0, 1, 0, 0, 37705679,   37711312, 5.633, 37712353,   37719012, 6.659, 37717996,   37723130, 5.134, 0, 0, 0, 0, 0, 0, 0, 0, 0, 1.90997519933, 2,     100101, Normal
1, 1, 1, 0, 0, 0, 0, 1, 0, 0, 37738532,   37747760, 9.228, 37756515,   37759568, 3.053, 37770257,   37777547, 7.29, 0, 0, 0, 0, 0, 0, 0, 0, 0, 1.26167460354, 3,     100101, Normal
1, 1, 1, 0, 0, 0, 0, 1, 0, 0, 37789369,   37798601, 9.232, 37798608,   37803213, 4.605, 37804260,   37809895, 5.635, 0, 0, 0, 0, 0, 0, 0, 0, 0, 0.303559353906, 4,     100101, Normal
1, 1, 1, 0, 0, 0, 0, 1, 0, 0, 37814522,   37820664, 6.142, 37820694,   37827349, 6.655, 37827361,   37831452, 4.091, 0, 0, 0, 0, 0, 0, 0, 0, 0, 2.44256068112, 4,     100101, Normal
1, 1, 1, 0, 0, 0, 0, 1, 0, 0, 37842247,   37848388, 6.141, 37850253,   37854563, 4.31, 37855613,   37859693, 4.08, 0, 0, 0, 0, 0, 0, 0, 0, 0, 2.10525116303, 0,     100101, Normal
1, 1, 1, 0, 0, 0, 0, 1, 0, 0, 37873582,   37884340, 10.758, 37884351,   37889477, 5.126, 37889483,   37892570, 3.087, 0, 0, 0, 0, 0, 0, 0, 0, 0, 1.67936590957, 0,     100101, Normal
1, 1, 0, 0, 0, 0, 0, 1, 0, 0, 37898722,   37907438, 8.716, 37908001,   37913600, 5.599, 0, 0, 0, 0, 0, 0, 0, 0, 0, 0, 0, 0, 1.71125374637, 1,     100101, Normal
1, 1, 0, 0, 0, 0, 0, 1, 0, 0, 37932093,   37940293, 8.2, 37940312,   37945439, 5.127, 0, 0, 0, 0, 0, 0, 0, 0, 0, 0, 0, 0, 0.00442120269655, 0,     100101, Normal
1, 1, 0, 0, 0, 0, 0, 1, 0, 0, 37958289,   37966512, 8.223, 37968315,   37970592, 2.277, 0, 0, 0, 0, 0, 0, 0, 0, 0, 0, 0, 0, 2.01697449186, 0,     100101, Normal
1, 1, 1, 0, 0, 0, 0, 1, 0, 0, 37983443,   37989581, 6.138, 37990631,   37999346, 8.715, 38002435,   38007553, 5.118, 0, 0, 0, 0, 0, 0, 0, 0, 0, 1.08870641685, 2,     100101, Normal
1, 1, 1, 0, 0, 0, 0, 1, 0, 0, 39134673,   39140425, 5.752, 39147348,   39151425, 4.077, 39151428,   39157190, 5.762, 0, 0, 0, 0, 0, 0, 0, 0, 0, 0.209728843903, 1,     100101, Normal
1, 1, 1, 0, 0, 0, 0, 1, 0, 0, 39164523,   39169753, 5.23, 39171849,   39175520, 3.671, 39174484,   39178649, 4.165, 0, 0, 0, 0, 0, 0, 0, 0, 0, 2.91691125947, 2,     100101, Normal
1, 1, 1, 0, 0, 0, 0, 1, 0, 0, 39185478,   39189644, 4.166, 39191779,   39196446, 4.667, 39196470,   39204879, 8.409, 0, 0, 0, 0, 0, 0, 0, 0, 0, 2.53600918566, 0,     100101, Normal
1, 1, 1, 0, 0, 0, 0, 1, 0, 0, 39213757,   39218446, 4.689, 39221604,   39226336, 4.732, 39227377,   39232592, 5.215, 0, 0, 0, 0, 0, 0, 0, 0, 0, 1.17734512798, 2,     100101, Normal
1, 1, 1, 0, 0, 0, 0, 1, 0, 0, 39241524,   39246750, 5.226, 39248327,   39254594, 6.267, 39254597,   39260352, 5.755, 0, 0, 0, 0, 0, 0, 0, 0, 0, 2.29814936253, 3,     100101, Normal
1, 1, 1, 0, 0, 0, 0, 1, 0, 0, 39265608,   39273449, 7.841, 39276636,   39281303, 4.667, 39282362,   39285487, 3.125, 0, 0, 0, 0, 0, 0, 0, 0, 0, 1.51310255377, 0,     100101, Normal
1, 1, 1, 0, 0, 0, 0, 1, 0, 0, 39291837,   39300678, 8.841, 39302265,   39310637, 8.372, 39311175,   39316896, 5.721, 0, 0, 0, 0, 0, 0, 0, 0, 0, 0.748068366172, 2,     100101, Normal
1, 1, 1, 0, 0, 0, 0, 1, 0, 0, 39320583,   39325293, 4.71, 39326727,   39332100, 5.373, 39332132,   39335240, 3.108, 0, 0, 0, 0, 0, 0, 0, 0, 0, 0.410884102999, 3,     100101, Normal
1, 1, 1, 0, 0, 0, 0, 1, 0, 0, 39347310,   39353579, 6.269, 39355146,   39361953, 6.807, 39363005,   39369282, 6.277, 0, 0, 0, 0, 0, 0, 0, 0, 0, 2.31135676314, 4,     100101, Normal
1, 1, 1, 0, 0, 0, 0, 1, 0, 0, 39377149,   39382376, 5.227, 39387114,   39396518, 9.404, 39400214,   39403849, 3.635, 0, 0, 0, 0, 0, 0, 0, 0, 0, 0.727360208971, 3,     100101, Normal
1, 1, 1, 0, 0, 0, 0, 1, 0, 0, 39410688,   39416946, 6.258, 39420622,   39429571, 8.949, 39428483,   39432700, 4.217, 0, 0, 0, 0, 0, 0, 0, 0, 0, 2.9223952264, 2,     100101, Normal
0, 0, 0, 0, 0, 0, 0, 1, 0, 0, 0, 0, 0, 0, 0, 0, 0, 0, 0, 0, 0, 0, 0, 0, 0, 0, 0, 0, 2.68152435762, 4,     100101, Normal
0, 0, 0, 0, 0, 0, 0, 1, 0, 0, 0, 0, 0, 0, 0, 0, 0, 0, 0, 0, 0, 0, 0, 0, 0, 0, 0, 0, 2.08962956222, 0,     100101, Normal
1, 1, 1, 0, 0, 0, 0, 1, 0, 0, 39496046,   39502310, 6.264, 39505482,   39510757, 5.275, 39510759,   39514868, 4.109, 0, 0, 0, 0, 0, 0, 0, 0, 0, 2.7990032204, 4,     100101, Normal
0, 0, 0, 0, 0, 0, 0, 1, 0, 0, 0, 0, 0, 0, 0, 0, 0, 0, 0, 0, 0, 0, 0, 0, 0, 0, 0, 0, 0.354354317064, 4,     100101, Normal
0, 0, 0, 0, 0, 0, 0, 1, 0, 0, 0, 0, 0, 0, 0, 0, 0, 0, 0, 0, 0, 0, 0, 0, 0, 0, 0, 0, 0.213144237185, 4,     100101, Normal
1, 1, 0, 1, 1, 1, 0, 0, 0, 1, 39599749,   39604425, 4.676, 39611268,   39612823, 1.555, 0, 0, 0, 39604449,   39609687, 5.238, 39612314,   39614907, 2.593, 39687369,   39690329, 2.96, 0.821087169393, 4,     100101, Normal
1, 1, 1, 0, 0, 0, 0, 0, 0, 0, 37404264,   37412436, 8.172, 37420640,   37429337, 8.697, 37437536,   37445709, 8.173, 0, 0, 0, 0, 0, 0, 0, 0, 0, 2.11721302187, 1,     100102, Normal
1, 1, 1, 0, 0, 0, 0, 0, 0, 0, 37458523,   37465680, 7.157, 37468772,   37478489, 9.717, 37479519,   37484125, 4.606, 0, 0, 0, 0, 0, 0, 0, 0, 0, 2.13454684551, 4,     100102, Normal
1, 1, 1, 0, 0, 0, 0, 0, 0, 0, 37498485,   37506638, 8.153, 37506150,   37511263, 5.113, 37513820,   37518474, 4.654, 0, 0, 0, 0, 0, 0, 0, 0, 0, 2.39996569321, 1,     100102, Normal
1, 1, 1, 0, 0, 0, 0, 0, 0, 0, 37525594,   37533780, 8.186, 37535342,   37540929, 5.587, 37548139,   37552220, 4.081, 0, 0, 0, 0, 0, 0, 0, 0, 0, 0.33674232133, 4,     100102, Normal
1, 1, 1, 0, 0, 0, 0, 0, 0, 0, 37560427,   37567057, 6.63, 37566061,   37574737, 8.676, 37578334,   37582421, 4.087, 0, 0, 0, 0, 0, 0, 0, 0, 0, 1.2374598296, 4,     100102, Normal
1, 1, 1, 0, 0, 0, 0, 0, 0, 0, 37601888,   37611604, 9.716, 37610590,   37617244, 6.654, 37618318,   37621847, 3.529, 0, 0, 0, 0, 0, 0, 0, 0, 0, 1.45161361, 1,     100102, Normal
1, 1, 1, 0, 0, 0, 0, 0, 0, 0, 37627594,   37633619, 6.025, 37637223,   37641806, 4.583, 37641834,   37646429, 4.595, 0, 0, 0, 0, 0, 0, 0, 0, 0, 1.13723639432, 1,     100102, Normal
1, 1, 1, 0, 0, 0, 0, 0, 0, 0, 37655152,   37660265, 5.113, 37661279,   37666403, 5.124, 37668452,   37673048, 4.596, 0, 0, 0, 0, 0, 0, 0, 0, 0, 0.886853479122, 3,     100102, Normal
1, 1, 1, 0, 0, 0, 0, 0, 0, 0, 37681251,   37687907, 6.656, 37690464,   37695592, 5.128, 37694577,   37699683, 5.106, 0, 0, 0, 0, 0, 0, 0, 0, 0, 0.423049189198, 4,     100102, Normal
1, 1, 1, 0, 0, 0, 0, 0, 0, 0, 37704823,   37710418, 5.595, 37713500,   37719118, 5.618, 37718643,   37723220, 4.577, 0, 0, 0, 0, 0, 0, 0, 0, 0, 1.33348931438, 1,     100102, Normal
1, 1, 1, 0, 0, 0, 0, 0, 0, 0, 37739623,   37746262, 6.639, 37748325,   37755557, 7.232, 37760109,   37764208, 4.099, 0, 0, 0, 0, 0, 0, 0, 0, 0, 2.26389299066, 3,     100102, Normal
1, 1, 1, 0, 0, 0, 0, 0, 0, 0, 37788789,   37798507, 9.718, 37797476,   37802584, 5.108, 37804665,   37808746, 4.081, 0, 0, 0, 0, 0, 0, 0, 0, 0, 1.60386591547, 2,     100102, Normal
1, 1, 1, 0, 0, 0, 0, 0, 0, 0, 37813367,   37820505, 7.138, 37820538,   37830243, 9.705, 37830245,   37833299, 3.054, 0, 0, 0, 0, 0, 0, 0, 0, 0, 1.85435433261, 4,     100102, Normal
1, 1, 1, 0, 0, 0, 0, 0, 0, 0, 37842536,   37848149, 5.613, 37847146,   37854301, 7.155, 37855863,   37859417, 3.554, 0, 0, 0, 0, 0, 0, 0, 0, 0, 1.7495442884, 1,     100102, Normal
1, 1, 1, 0, 0, 0, 0, 0, 0, 0, 37873261,   37881428, 8.167, 37882472,   37890145, 7.673, 37889724,   37893720, 3.996, 0, 0, 0, 0, 0, 0, 0, 0, 0, 2.5589929775, 1,     100102, Normal
1, 1, 1, 0, 0, 0, 0, 0, 0, 0, 37897329,   37905499, 8.17, 37905017,   37911663, 6.646, 37912703,   37917277, 4.574, 0, 0, 0, 0, 0, 0, 0, 0, 0, 0.776353473882, 1,     100102, Normal
1, 1, 1, 0, 0, 0, 0, 0, 0, 0, 37934706,   37938290, 3.584, 37940414,   37944413, 3.999, 37944444,   37948003, 3.559, 0, 0, 0, 0, 0, 0, 0, 0, 0, 2.37723289901, 4,     100102, Normal
1, 1, 1, 0, 0, 0, 0, 0, 0, 0, 37959281,   37963359, 4.078, 37963390,   37967973, 4.583, 37967975,   37973089, 5.114, 0, 0, 0, 0, 0, 0, 0, 0, 0, 0.299223302147, 1,     100102, Normal
1, 1, 1, 0, 0, 0, 0, 0, 0, 0, 37983861,   37987421, 3.56, 37993594,   37999219, 5.625, 37998205,   38003305, 5.1, 0, 0, 0, 0, 0, 0, 0, 0, 0, 0.742697122189, 0,     100102, Normal
0, 0, 0, 1, 1, 0, 0, 0, 0, 0, 0, 0, 0, 0, 0, 0, 0, 0, 0, 38038649,   38040666, 2.017, 38044791,   38048370, 3.579, 0, 0, 0, 2.48597036584, 1,     100102, Normal
0, 0, 0, 0, 0, 0, 0, 1, 0, 0, 0, 0, 0, 0, 0, 0, 0, 0, 0, 0, 0, 0, 0, 0, 0, 0, 0, 0, 2.16482347955, 2,     100102, Normal
1, 1, 1, 0, 0, 0, 0, 1, 0, 0, 40087071,   40093704, 6.633, 40096750,   40100835, 4.085, 40100842,   40103879, 3.037, 0, 0, 0, 0, 0, 0, 0, 0, 0, 0.882329433413, 1,     100102, Normal
1, 1, 1, 0, 0, 0, 0, 1, 0, 0, 40111001,   40119595, 8.594, 40120056,   40126093, 6.037, 40125480,   40127303, 1.823, 0, 0, 0, 0, 0, 0, 0, 0, 0, 2.66210765627, 0,     100102, Normal
0, 0, 0, 0, 0, 0, 0, 1, 0, 0, 0, 0, 0, 0, 0, 0, 0, 0, 0, 0, 0, 0, 0, 0, 0, 0, 0, 0, 1.79931664665, 2,     100102, Normal
1, 1, 1, 0, 0, 0, 0, 1, 0, 0, 40159038,   40168101, 9.063, 40170171,   40175789, 5.618, 40175233,   40178299, 3.066, 0, 0, 0, 0, 0, 0, 0, 0, 0, 2.87376132341, 3,     100102, Normal
1, 1, 1, 0, 0, 0, 0, 1, 0, 0, 40183626,   40189702, 6.076, 40189706,   40192733, 3.027, 40193307,   40196929, 3.622, 0, 0, 0, 0, 0, 0, 0, 0, 0, 1.80937919835, 4,     100102, Normal
1, 0, 0, 1, 0, 1, 0, 1, 0, 1, 40202291,   40208254, 5.963, 0, 0, 0, 0, 0, 0, 40212521,   40217294, 4.773, 0, 0, 0, 40219605,   40245983, 26.378, 2.26026228966, 3,     100102, Normal
1, 1, 1, 0, 0, 0, 0, 1, 0, 0, 37427315,   37433579, 6.264, 37448607,   37453504, 4.897, 37453510,   37459537, 6.027, 0, 0, 0, 0, 0, 0, 0, 0, 0, 1.57615913283, 0,     100103, Normal
0, 1, 1, 0, 0, 0, 0, 0, 0, 0, 0, 0, 0, 37489570,   37493672, 4.102, 37493156,   37498459, 5.303, 0, 0, 0, 0, 0, 0, 0, 0, 0, 2.76413042297, 4,     100103, Normal
1, 1, 1, 0, 0, 0, 0, 0, 0, 0, 37509324,   37513348, 4.024, 37514383,   37517605, 3.222, 37518630,   37522427, 3.797, 0, 0, 0, 0, 0, 0, 0, 0, 0, 1.40951619542, 2,     100103, Normal
1, 1, 1, 0, 0, 0, 0, 0, 0, 0, 37530813,   37534476, 3.663, 37535538,   37542337, 6.799, 37546519,   37550660, 4.141, 0, 0, 0, 0, 0, 0, 0, 0, 0, 1.34866017526, 3,     100103, Normal
1, 1, 1, 0, 0, 0, 0, 1, 0, 0, 37556451,  37560046, 3.595, 37561669,   37566385, 4.716, 37567415,   37570535, 3.12, 0, 0, 0, 0, 0, 0, 0, 0, 0, 0.22975311489, 1,     100103, Normal
1, 1, 0, 0, 0, 0, 0, 1, 0, 0, 37583113,  37585226, 2.113, 37585746,   37590422, 4.676, 0, 0, 0, 0, 0, 0, 0, 0, 0, 0, 0, 0, 2.19567782343, 0,     100103, Normal
1, 1, 1, 0, 0, 0, 0, 1, 0, 0, 37601927,  37605447, 3.52, 37605601,   37608702, 3.101, 37607679,   37610284, 2.605, 0, 0, 0, 0, 0, 0, 0, 0, 0, 1.9173283292, 4,     100103, Normal
1, 1, 1, 0, 0, 0, 0, 1, 0, 0, 37619700,  37624174, 4.474, 37624453,   37628564, 4.111, 37627523,   37632231, 4.708, 0, 0, 0, 0, 0, 0, 0, 0, 0, 2.48078685666, 2,     100103, Normal
1, 1, 1, 0, 0, 0, 0, 1, 0, 0, 37640609,  37643826, 3.217, 37643828,   37648434, 4.606, 37647405,   37651584, 4.179, 0, 0, 0, 0, 0, 0, 0, 0, 0, 1.93992781967, 4,     100103, Normal
1, 1, 1, 0, 0, 0, 0, 1, 0, 0, 37663615,  37666956, 3.341, 37666958,   37670401, 3.443, 37669382,   37673536, 4.154, 0, 0, 0, 0, 0, 0, 0, 0, 0, 0.462359329812, 4,     100103, Normal
1, 1, 1, 0, 0, 0, 0, 1, 0, 0, 37686087,   37689738, 3.651, 37690279,   37693935, 3.656, 37692906,   37696008, 3.102, 0, 0, 0, 0, 0, 0, 0, 0, 0, 1.29270038678, 3,     100103, Normal
1, 1, 1, 0, 0, 0, 0, 1, 0, 0, 37702827,   37706465, 3.638, 37706470,   37709599, 3.129, 37709609,   37712739, 3.13, 0, 0, 0, 0, 0, 0, 0, 0, 0, 1.37572748135, 1,     100103, Normal
1, 1, 1, 0, 0, 0, 0, 1, 0, 0, 37720583,  37724085, 3.502, 37724268,   37726875, 2.607, 37726881,   37729975, 3.094, 0, 0, 0, 0, 0, 0, 0, 0, 0, 0.432048805571, 0,     100103, Normal
1, 1, 1, 0, 0, 0, 0, 1, 0, 0, 37738364,   37742051, 3.687, 37742545,   37746733, 4.188, 37745703,   37749335, 3.632, 0, 0, 0, 0, 0, 0, 0, 0, 0, 2.14146647687, 4,     100103, Normal
1, 1, 1, 0, 0, 0, 0, 1, 0, 0, 37758227,   37761891, 3.664, 37762449,   37766578, 4.129, 37765562,   37769723, 4.161, 0, 0, 0, 0, 0, 0, 0, 0, 0, 1.45883625229, 3,     100103, Normal
1, 1, 1, 0, 0, 0, 0, 1, 0, 0, 37776542,  37780629, 4.087, 37780710,   37785442, 4.732, 37784380,   37788035, 3.655, 0, 0, 0, 0, 0, 0, 0, 0, 0, 2.04436266595, 4,     100103, Normal
1, 1, 1, 0, 0, 0, 0, 1, 0, 0, 37797451,   37800593, 3.142, 37801118,   37805263, 4.145, 37804260,   37807360, 3.1, 0, 0, 0, 0, 0, 0, 0, 0, 0, 1.22608615058, 0,     100103, Normal
1, 1, 1, 0, 0, 0, 0, 1, 0, 0, 37818349,  37822376, 4.027, 37823061,   37826707, 3.646, 37825679,   37830365, 4.686, 0, 0, 0, 0, 0, 0, 0, 0, 0, 0.50993123264, 0,     100103, Normal
1, 1, 1, 0, 0, 0, 0, 1, 0, 0, 37839264,   37843444, 4.18, 37843450,   37847632, 4.182, 37846608,   37850769, 4.161, 0, 0, 0, 0, 0, 0, 0, 0, 0, 1.08807777, 2,     100103, Normal
0, 0, 1, 1, 1, 1, 0, 0, 0, 1, 0, 0, 0, 0, 0, 0, 37871146,   37873739, 2.593, 37873248,   37876883, 3.635, 37886843,   37889439, 2.596, 37903573,   37940670, 37.097, 2.1936389463, 0,     100103, Normal
1, 1, 1, 0, 0, 0, 0, 1, 0, 0, 39311292,   39314340, 3.048, 39314881,   39318967, 4.086, 39319496,   39322037, 2.541, 0, 0, 0, 0, 0, 0, 0, 0, 0, 0.727268134756, 0,     100103, Normal
1, 1, 1, 0, 0, 0, 0, 1, 0, 0, 39330241,   39333800, 3.559, 39335366,   39339444, 4.078, 39338428,   39340963, 2.535, 0, 0, 0, 0, 0, 0, 0, 0, 0, 0.0831476180669, 2,     100103, Normal
1, 1, 0, 0, 0, 0, 0, 0, 0, 0, 39347650,   39351719, 4.069, 39355852,   39357866, 2.014, 0, 0, 0, 0, 0, 0, 0, 0, 0, 0, 0, 0, 0.311963418747, 0,     100103, Normal
1, 1, 1, 0, 0, 0, 0, 1, 0, 0, 39436733,  39439044, 2.311, 39440369,   39444393, 4.024, 39443533,   39445936, 2.403, 0, 0, 0, 0, 0, 0, 0, 0, 0, 1.49574292279, 2,     100103, Normal
0, 0, 0, 0, 0, 0, 0, 1, 0, 0, 0, 0, 0, 0, 0, 0, 0, 0, 0, 0, 0, 0, 0, 0, 0, 0, 0, 0, 0.266449121677, 2,     100103, Normal
0, 0, 0, 0, 0, 0, 0, 1, 0, 0, 0, 0, 0, 0, 0, 0, 0, 0, 0, 0, 0, 0, 0, 0, 0, 0, 0, 0, 2.93544339879, 4,     100103, Normal
0, 0, 0, 0, 0, 0, 0, 1, 0, 0, 0, 0, 0, 0, 0, 0, 0, 0, 0, 0, 0, 0, 0, 0, 0, 0, 0, 0, 1.65275999912, 3,     100103, Normal
0, 0, 0, 0, 0, 0, 0, 1, 0, 0, 0, 0, 0, 0, 0, 0, 0, 0, 0, 0, 0, 0, 0, 0, 0, 0, 0, 0, 1.13723638542, 2,     100103, Normal
0, 0, 0, 0, 0, 0, 0, 1, 0, 0, 0, 0, 0, 0, 0, 0, 0, 0, 0, 0, 0, 0, 0, 0, 0, 0, 0, 0, 1.61372707951, 4,     100103, Normal
1, 1, 1, 0, 0, 0, 0, 1, 0, 0, 39573864,   39574548, 0.684, 39574553,   39578040, 3.487, 39577643,   39580645, 3.002, 0, 0, 0, 0, 0, 0, 0, 0, 0, 1.50315435498, 4,     100103, Normal
1, 1, 1, 0, 0, 0, 0, 1, 0, 0, 39592385,  39595356, 2.971, 39596472,   39600073, 3.601, 39599044,   39602093, 3.049, 0, 0, 0, 0, 0, 0, 0, 0, 0, 2.31540403136, 2,     100103, Normal
1, 1, 1, 0, 0, 0, 0, 1, 0, 0, 39616996,   39617968, 0.972, 39618498,   39622095, 3.597, 39621058,   39623606, 2.548, 0, 0, 0, 0, 0, 0, 0, 0, 0, 1.79987401381, 2,     100103, Normal
1, 1, 1, 0, 0, 0, 0, 1, 0, 0, 39634874,   39635387, 0.513, 39635915,   39639467, 3.552, 39639488,   39642050, 2.562, 0, 0, 0, 0, 0, 0, 0, 0, 0, 0.266018635746, 0,     100103, Normal
0, 0, 0, 0, 0, 0, 0, 1, 0, 0, 0, 0, 0, 0, 0, 0, 0, 0, 0, 0, 0, 0, 0, 0, 0, 0, 0, 0, 0.145658964006, 0,     100103, Normal
0, 0, 0, 0, 0, 0, 0, 1, 0, 0, 0, 0, 0, 0, 0, 0, 0, 0, 0, 0, 0, 0, 0, 0, 0, 0, 0, 0, 1.24427493726, 2,     100103, Normal
1, 1, 1, 0, 0, 0, 0, 1, 0, 0, 39685567,  39688530, 2.963, 39689668,   39693758, 4.09, 39692738,   39695278, 2.54, 0, 0, 0, 0, 0, 0, 0, 0, 0, 0.833351814341, 4,     100103, Normal
1, 1, 0, 1, 0, 1, 0, 0, 0, 1, 39715275,   39719350, 4.075, 39726547,   39728571, 2.024, 0, 0, 0, 39721923,   39723444, 1.521, 0, 0, 0, 39795660,   39797675, 2.015, 1.61371649137, 4,     100103, Normal
1, 1, 1, 0, 0, 0, 0, 0, 0, 0, 37428372,   37434633, 6.261, 37445640,   37453517, 7.877, 37453520,   37459259, 5.739, 0, 0, 0, 0, 0, 0, 0, 0, 0, 1.65159343098, 3,     100104, Normal
1, 1, 1, 0, 0, 0, 0, 0, 0, 0, 37475489,   37481782, 6.293, 37482321,   37492241, 9.92, 37492272,   37498516, 6.244, 0, 0, 0, 0, 0, 0, 0, 0, 0, 0.838077969295, 1,     100104, Normal
1, 1, 1, 0, 0, 0, 0, 0, 0, 0, 37508490,   37513748, 5.258, 37514263,   37519483, 5.22, 37518441,   37522103, 3.662, 0, 0, 0, 0, 0, 0, 0, 0, 0, 1.96071501432, 4,     100104, Normal
1, 1, 1, 0, 0, 0, 0, 0, 0, 0, 37529974,   37534673, 4.699, 37535797,   37542516, 6.719, 37545217,   37547764, 2.547, 0, 0, 0, 0, 0, 0, 0, 0, 0, 2.7416890829, 2,     100104, Normal
1, 1, 1, 0, 0, 0, 0, 0, 0, 0, 37556691,   37560344, 3.653, 37561392,   37566622, 5.23, 37566626,   37570270, 3.644, 0, 0, 0, 0, 0, 0, 0, 0, 0, 2.77802397791, 0,     100104, Normal
1, 1, 1, 0, 0, 0, 0, 0, 0, 0, 37581296,   37585477, 4.181, 37585479,   37590703, 5.224, 37589682,   37594908, 5.226, 0, 0, 0, 0, 0, 0, 0, 0, 0, 1.75131016311, 3,     100104, Normal
1, 1, 1, 0, 0, 0, 0, 0, 0, 0, 37602242,   37605384, 3.142, 37605386,   37610675, 5.289, 37609575,   37613804, 4.229, 0, 0, 0, 0, 0, 0, 0, 0, 0, 2.31873859038, 2,     100104, Normal
1, 1, 1, 0, 0, 0, 0, 0, 0, 0, 37619537,   37624737, 5.2, 37624243,   37628960, 4.717, 37627909,   37632079, 4.17, 0, 0, 0, 0, 0, 0, 0, 0, 0, 2.05274277583, 0,     100104, Normal
1, 1, 1, 0, 0, 0, 0, 0, 0, 0, 37640469,   37644114, 3.645, 37643097,   37648309, 5.212, 37647288,   37651467, 4.179, 0, 0, 0, 0, 0, 0, 0, 0, 0, 1.44683776741, 1,     100104, Normal
1, 1, 1, 0, 0, 0, 0, 0, 0, 0, 37663514,   37667159, 3.645, 37667168,   37671881, 4.713, 37670860,   37674495, 3.635, 0, 0, 0, 0, 0, 0, 0, 0, 0, 2.52913178386, 2,     100104, Normal
1, 1, 1, 0, 0, 0, 0, 0, 0, 0, 37686044,   37689702, 3.658, 37690746,   37694401, 3.655, 37693367,   37697023, 3.656, 0, 0, 0, 0, 0, 0, 0, 0, 0, 1.97522339083, 4,     100104, Normal
1, 1, 1, 0, 0, 0, 0, 0, 0, 0, 37702800,   37706438, 3.638, 37706468,   37710628, 4.16, 37710661,   37713246, 2.585, 0, 0, 0, 0, 0, 0, 0, 0, 0, 1.53889390135, 4,     100104, Normal
1, 1, 1, 0, 0, 0, 0, 0, 0, 0, 37720601,   37724263, 3.662, 37724266,   37728446, 4.18, 37727422,   37730540, 3.118, 0, 0, 0, 0, 0, 0, 0, 0, 0, 1.41306966636, 4,     100104, Normal
1, 1, 1, 0, 0, 0, 0, 0, 0, 0, 37738393,   37742049, 3.656, 37742606,   37746787, 4.181, 37745723,   37749385, 3.662, 0, 0, 0, 0, 0, 0, 0, 0, 0, 2.89085901714, 4,     100104, Normal
1, 1, 1, 0, 0, 0, 0, 0, 0, 0, 37758301,   37761964, 3.663, 37762495,   37766727, 4.232, 37765653,   37769290, 3.637, 0, 0, 0, 0, 0, 0, 0, 0, 0, 0.227650477496, 3,     100104, Normal
1, 1, 1, 0, 0, 0, 0, 0, 0, 0, 37776621,   37780282, 3.661, 37780288,   37785542, 5.254, 37784490,   37788148, 3.658, 0, 0, 0, 0, 0, 0, 0, 0, 0, 0.719294472134, 1,     100104, Normal
1, 1, 1, 0, 0, 0, 0, 0, 0, 0, 37797588,   37800717, 3.129, 37801264,   37805428, 4.164, 37804381,   37807536, 3.155, 0, 0, 0, 0, 0, 0, 0, 0, 0, 1.82356734497, 2,     100104, Normal
1, 1, 1, 0, 0, 0, 0, 0, 0, 0, 37818014,   37822694, 4.68, 37822764,   37826357, 3.593, 37825350,   37830568, 5.218, 0, 0, 0, 0, 0, 0, 0, 0, 0, 0.736298456915, 4,     100104, Normal
1, 1, 1, 0, 0, 0, 0, 0, 0, 0, 37839473,   37843646, 4.173, 37843657,   37847327, 3.67, 37846280,   37850447, 4.167, 0, 0, 0, 0, 0, 0, 0, 0, 0, 0.665210023756, 0,     100104, Normal
0, 0, 1, 1, 1, 1, 0, 0, 0, 0, 0, 0, 0, 0, 0, 0, 37870904,   37875074, 4.17, 37874038,   37878211, 4.173, 37886624,   37891302, 4.678, 37903375,   37940547, 37.172, 0.612698172524, 4,     100104, Normal
1, 1, 1, 0, 0, 0, 0, 1, 0, 0, 39310566,   39314659, 4.093, 39315719,   39319284, 3.565, 39319292,   39323373, 4.081, 0, 0, 0, 0, 0, 0, 0, 0, 0, 0.577906210994, 4,     100104, Normal
1, 1, 1, 0, 0, 0, 0, 1, 0, 0, 39331618,   39334690, 3.072, 39335217,   39339322, 4.105, 39338291,   39341351, 3.06, 0, 0, 0, 0, 0, 0, 0, 0, 0, 2.28158636608, 1,     100104, Normal
1, 1, 1, 0, 0, 0, 0, 1, 0, 0, 39347546,   39351640, 4.094, 39352667,   39356775, 4.108, 39355747,   39358806, 3.059, 0, 0, 0, 0, 0, 0, 0, 0, 0, 2.11469229835, 3,     100104, Normal
1, 1, 1, 0, 0, 0, 0, 1, 0, 0, 39439235,   39439946, 0.711, 39439954,   39444568, 4.614, 39443545,   39447123, 3.578, 0, 0, 0, 0, 0, 0, 0, 0, 0, 2.46631923209, 4,     100104, Normal
0, 0, 0, 0, 0, 0, 0, 1, 0, 0, 0, 0, 0, 0, 0, 0, 0, 0, 0, 0, 0, 0, 0, 0, 0, 0, 0, 0, 0.0257958547016, 4,     100104, Normal
0, 0, 0, 0, 0, 0, 0, 1, 0, 0, 0, 0, 0, 0, 0, 0, 0, 0, 0, 0, 0, 0, 0, 0, 0, 0, 0, 0, 2.97779166503, 4,     100104, Normal
0, 0, 0, 0, 0, 0, 0, 1, 0, 0, 0, 0, 0, 0, 0, 0, 0, 0, 0, 0, 0, 0, 0, 0, 0, 0, 0, 0, 0.788242617764, 3,     100105, Normal
0, 0, 0, 0, 0, 0, 0, 1, 0, 0, 0, 0, 0, 0, 0, 0, 0, 0, 0, 0, 0, 0, 0, 0, 0, 0, 0, 0, 2.74877472754, 0,     100105, Normal
0, 0, 0, 0, 0, 0, 0, 1, 0, 0, 0, 0, 0, 0, 0, 0, 0, 0, 0, 0, 0, 0, 0, 0, 0, 0, 0, 0, 1.89056519845, 1,     100105, Normal
0, 0, 0, 0, 0, 0, 0, 1, 0, 0, 0, 0, 0, 0, 0, 0, 0, 0, 0, 0, 0, 0, 0, 0, 0, 0, 0, 0, 1.22773673332, 3,     100105, Normal
0, 1, 1, 0, 0, 0, 0, 1, 0, 0, 0, 0, 0, 38615906,   38620060, 4.154, 38608677,   38612700, 4.023, 0, 0, 0, 0, 0, 0, 0, 0, 0, 0.223437434567, 1,     100105, Normal
0, 0, 1, 1, 1, 1, 0, 0, 0, 0, 0, 0, 0, 0, 0, 0, 38736684,   38741830, 5.146, 38746839,   38751250, 4.411, 38763809,   38769025, 5.216, 38789949,   38820251, 30.302, 1.83717426859, 0,     100105, Normal
0, 0, 0, 0, 0, 0, 0, 1, 0, 0, 0, 0, 0, 0, 0, 0, 0, 0, 0, 0, 0, 0, 0, 0, 0, 0, 0, 0, 2.61057149486, 3,     100105, Normal
0, 0, 0, 0, 0, 0, 0, 1, 0, 0, 0, 0, 0, 0, 0, 0, 0, 0, 0, 0, 0, 0, 0, 0, 0, 0, 0, 0, 1.17710095646, 1,     100105, Normal
0, 0, 0, 0, 0, 0, 0, 1, 0, 0, 0, 0, 0, 0, 0, 0, 0, 0, 0, 0, 0, 0, 0, 0, 0, 0, 0, 0, 1.04929377548, 2,     100105, Normal
0, 1, 1, 0, 0, 0, 0, 1, 0, 0, 0, 0, 0, 40077737,   40082931, 5.194, 40070438,   40075579, 5.141, 0, 0, 0, 0, 0, 0, 0, 0, 0, 2.15547777127, 4,     100105, Normal
0, 1, 1, 0, 0, 0, 0, 1, 0, 0, 0, 0, 0, 40116920,   40122638, 5.718, 40113760,   40117947, 4.187, 0, 0, 0, 0, 0, 0, 0, 0, 0, 2.30904953756, 0,     100105, Normal
0, 0, 0, 0, 0, 0, 0, 1, 0, 0, 0, 0, 0, 0, 0, 0, 0, 0, 0, 0, 0, 0, 0, 0, 0, 0, 0, 0, 1.75376761222, 2,     100105, Normal
0, 0, 0, 0, 0, 0, 0, 1, 0, 0, 0, 0, 0, 0, 0, 0, 0, 0, 0, 0, 0, 0, 0, 0, 0, 0, 0, 0, 1.38343999989, 0,     100105, Normal
0, 1, 1, 0, 0, 0, 0, 1, 0, 0, 0, 0, 0, 40226169,   40230852, 4.683, 40222514,   40227210, 4.696, 0, 0, 0, 0, 0, 0, 0, 0, 0, 1.56330863873, 0,     100105, Normal
0, 0, 0, 0, 1, 1, 0, 1, 0, 0, 0, 0, 0, 0, 0, 0, 0, 0, 0, 0, 0, 0, 40281563,   40284181, 2.618, 40286278,   40300380, 14.102, 1.23688212495, 4,     100105, Normal
0, 0, 0, 0, 0, 0, 0, 1, 0, 0, 0, 0, 0, 0, 0, 0, 0, 0, 0, 0, 0, 0, 0, 0, 0, 0, 0, 0, 0.399489922676, 1,     100106, Normal
0, 0, 0, 0, 0, 0, 0, 1, 0, 0, 0, 0, 0, 0, 0, 0, 0, 0, 0, 0, 0, 0, 0, 0, 0, 0, 0, 0, 1.3966702041, 0,     100106, Normal
0, 0, 0, 0, 0, 0, 0, 1, 0, 0, 0, 0, 0, 0, 0, 0, 0, 0, 0, 0, 0, 0, 0, 0, 0, 0, 0, 0, 0.0979963865676, 2,     100106, Normal
0, 0, 0, 0, 0, 0, 0, 1, 0, 0, 0, 0, 0, 0, 0, 0, 0, 0, 0, 0, 0, 0, 0, 0, 0, 0, 0, 0, 2.02964375688, 3,     100106, Normal
0, 0, 0, 0, 0, 0, 0, 1, 0, 0, 0, 0, 0, 0, 0, 0, 0, 0, 0, 0, 0, 0, 0, 0, 0, 0, 0, 0, 0.207445539358, 1,     100106, Normal
0, 0, 0, 0, 0, 0, 0, 1, 0, 0, 0, 0, 0, 0, 0, 0, 0, 0, 0, 0, 0, 0, 0, 0, 0, 0, 0, 0, 1.74950544247, 3,     100106, Normal
0, 1, 1, 0, 0, 0, 0, 1, 0, 0, 0, 0, 0, 38614850,   38625299, 10.449, 38610137,   38613258, 3.121, 0, 0, 0, 0, 0, 0, 0, 0, 0, 2.73722988573, 4,     100106, Normal
0, 0, 0, 0, 0, 0, 0, 1, 0, 0, 0, 0, 0, 0, 0, 0, 0, 0, 0, 0, 0, 0, 0, 0, 0, 0, 0, 0, 2.00555550315, 1,     100106, Normal
0, 0, 0, 0, 0, 0, 0, 1, 0, 0, 0, 0, 0, 0, 0, 0, 0, 0, 0, 0, 0, 0, 0, 0, 0, 0, 0, 0, 1.18391189769, 1,     100106, Normal
0, 0, 1, 1, 1, 0, 0, 0, 0, 1, 0, 0, 0, 0, 0, 0, 38737907,   38741023, 3.116, 38745255,   38749507, 4.252, 38763567,   38768802, 5.235, 0, 0, 0, 1.57606928301, 3,     100106, Normal
0, 0, 0, 0, 0, 0, 0, 1, 0, 0, 0, 0, 0, 0, 0, 0, 0, 0, 0, 0, 0, 0, 0, 0, 0, 0, 0, 0, 0.584069664286, 4,     100106, Normal
0, 0, 0, 0, 0, 0, 0, 1, 0, 0, 0, 0, 0, 0, 0, 0, 0, 0, 0, 0, 0, 0, 0, 0, 0, 0, 0, 0, 0.364899857677, 1,     100106, Normal
0, 0, 0, 0, 0, 0, 0, 1, 0, 0, 0, 0, 0, 0, 0, 0, 0, 0, 0, 0, 0, 0, 0, 0, 0, 0, 0, 0, 1.73898177999, 2,     100106, Normal
0, 1, 1, 0, 0, 0, 0, 1, 0, 0, 0, 0, 0, 40082729,   40086884, 4.155, 40071200,   40074862, 3.662, 0, 0, 0, 0, 0, 0, 0, 0, 0, 1.74170568701, 4,     100106, Normal
0, 1, 1, 0, 0, 0, 0, 1, 0, 0, 0, 0, 0, 40118337,  40122521, 4.184, 40111548,   40117281, 5.733, 0, 0, 0, 0, 0, 0, 0, 0, 0, 0.793991337263, 4,     100106, Normal
0, 0, 0, 0, 0, 0, 0, 1, 0, 0, 0, 0, 0, 0, 0, 0, 0, 0, 0, 0, 0, 0, 0, 0, 0, 0, 0, 0, 0.826209954094, 1,     100106, Normal
0, 0, 0, 0, 0, 0, 0, 1, 0, 0, 0, 0, 0, 0, 0, 0, 0, 0, 0, 0, 0, 0, 0, 0, 0, 0, 0, 0, 2.09346945274, 0,     100106, Normal
0, 1, 1, 0, 0, 0, 0, 1, 0, 0, 0, 0, 0, 40225230,   40229876, 4.646, 40221509,   40226215, 4.706, 0, 0, 0, 0, 0, 0, 0, 0, 0, 2.60797908125, 3,     100106, Normal
0, 0, 0, 1, 0, 0, 0, 0, 0, 1, 0, 0, 0, 0, 0, 0, 0, 0, 0, 40276505,   40280168, 3.663, 0, 0, 0, 0, 0, 0, 0.82221655406, 2,     100106, Normal
1, 1, 1, 0, 0, 0, 0, 1, 0, 0, 38518068,   38522695, 4.627, 38524766,   38530420, 5.654, 38530915,   38535520, 4.605, 0, 0, 0, 0, 0, 0, 0, 0, 0, 2.77815924029, 0,     100107, Normal
1, 1, 1, 0, 0, 0, 0, 1, 0, 0, 38549376,  38553337, 3.961, 38553502,   38559647, 6.145, 38558650,   38564263, 5.613, 0, 0, 0, 0, 0, 0, 0, 0, 0, 1.27534184408, 4,     100107, Normal
1, 1, 1, 0, 0, 0, 0, 1, 0, 0, 38573532,   38579161, 5.629, 38580703,   38586435, 5.732, 38586441,   38591974, 5.533, 0, 0, 0, 0, 0, 0, 0, 0, 0, 2.78776592183, 4,     100107, Normal
1, 1, 1, 0, 0, 0, 0, 1, 0, 0, 38597645,   38602271, 4.626, 38609462,   38615085, 5.623, 38614081,   38620223, 6.142, 0, 0, 0, 0, 0, 0, 0, 0, 0, 1.29640204168, 0,     100107, Normal
1, 1, 1, 0, 0, 0, 0, 1, 0, 0, 38629504,   38633578, 4.074, 38637700,   38642306, 4.606, 38642332,   38647437, 5.105, 0, 0, 0, 0, 0, 0, 0, 0, 0, 0.10684209486, 2,     100107, Normal
1, 1, 1, 0, 0, 0, 0, 1, 0, 0, 38655683,   38659261, 3.578, 38662371,   38668495, 6.124, 38669008,   38672591, 3.583, 0, 0, 0, 0, 0, 0, 0, 0, 0, 2.10158228618, 4,     100107, Normal
1, 1, 0, 0, 0, 0, 0, 1, 0, 0, 38675693,   38680301, 4.608, 38682379,   38691604, 9.225, 0, 0, 0, 0, 0, 0, 0, 0, 0, 0, 0, 0, 1.58043581482, 4,     100107, Normal
1, 1, 1, 0, 0, 0, 0, 1, 0, 0, 38703411,   38710585, 7.174, 38713707,   38719330, 5.623, 38718310,   38722402, 4.092, 0, 0, 0, 0, 0, 0, 0, 0, 0, 2.78056774217, 3,     100107, Normal
1, 1, 1, 0, 0, 0, 0, 1, 0, 0, 38728578,  38735289, 6.711, 38735254,   38742420, 7.166, 38743480,   38746541, 3.061, 0, 0, 0, 0, 0, 0, 0, 0, 0, 0.539374695381, 0,     100107, Normal
1, 1, 1, 0, 0, 0, 0, 1, 0, 0, 38751696,   38756300, 4.604, 38757311,   38765554, 8.243, 38765563,   38772208, 6.645, 0, 0, 0, 0, 0, 0, 0, 0, 0, 0.976482950306, 4,     100107, Normal
1, 1, 1, 0, 0, 0, 0, 1, 0, 0, 38784823,   38785558, 0.735, 38785564,   38795306, 9.742, 38794316,   38798387, 4.071, 0, 0, 0, 0, 0, 0, 0, 0, 0, 2.93074540411, 3,     100107, Normal
1, 1, 1, 0, 0, 0, 0, 1, 0, 0, 38802503,   38807624, 5.121, 38808682,   38815323, 6.641, 38816385,   38820452, 4.067, 0, 0, 0, 0, 0, 0, 0, 0, 0, 0.943829876792, 1,     100107, Normal
1, 1, 1, 0, 0, 0, 0, 1, 0, 0, 38825620,  38829601, 3.981, 38829735,   38842526, 12.791, 38842043,   38844605, 2.562, 0, 0, 0, 0, 0, 0, 0, 0, 0, 2.6067782627, 3,     100107, Normal
0, 0, 0, 0, 0, 0, 0, 1, 0, 0, 0, 0, 0, 0, 0, 0, 0, 0, 0, 0, 0, 0, 0, 0, 0, 0, 0, 0, 2.63985107659, 2,     100107, Normal
0, 0, 0, 0, 0, 0, 0, 1, 0, 0, 0, 0, 0, 0, 0, 0, 0, 0, 0, 0, 0, 0, 0, 0, 0, 0, 0, 0, 1.56137447512, 1,     100107, Normal
1, 1, 1, 0, 0, 0, 0, 1, 0, 0, 38906747,  38910972, 4.225, 38910974,   38916472, 5.498, 38915472,   38918546, 3.074, 0, 0, 0, 0, 0, 0, 0, 0, 0, 2.66803079574, 1,     100107, Normal
1, 1, 0, 0, 0, 0, 0, 1, 0, 0, 38927277,   38931379, 4.102, 38931389,   38937535, 6.146, 0, 0, 0, 0, 0, 0, 0, 0, 0, 0, 0, 0, 1.97758035123, 3,     100107, Normal
1, 1, 1, 1, 1, 1, 0, 1, 0, 1, 40541803,   40543231, 1.428, 40543234,   40546882, 3.648, 40545855,   40548986, 3.131, 38963733,   38966292, 2.559, 38972967,   38976046, 3.079, 38983758,   39023273, 39.515, 2.70040892197, 0,     100107, Normal
1, 1, 0, 0, 0, 0, 0, 1, 0, 0, 40555682,   40558398, 2.716, 40557387,   40562146, 4.759, 0, 0, 0, 0, 0, 0, 0, 0, 0, 0, 0, 0, 1.84998040839, 0,     100107, Normal
1, 1, 0, 0, 0, 0, 0, 1, 0, 0, 40569412,   40570977, 1.565, 40569950,   40576230, 6.28, 0, 0, 0, 0, 0, 0, 0, 0, 0, 0, 0, 0, 1.17695500773, 4,     100107, Normal
1, 1, 1, 0, 0, 0, 0, 1, 0, 0, 40582263,   40583017, 0.754, 40582009,   40586710, 4.701, 40585667,   40589329, 3.662, 0, 0, 0, 0, 0, 0, 0, 0, 0, 0.07201248297, 3,     100107, Normal
1, 1, 1, 0, 0, 0, 0, 1, 0, 0, 40593299,   40595061, 1.762, 40595090,   40600306, 5.216, 40599269,   40602408, 3.139, 0, 0, 0, 0, 0, 0, 0, 0, 0, 1.17959329441, 2,     100107, Normal
1, 1, 1, 0, 0, 0, 0, 1, 0, 0, 40608682,   40611835, 3.153, 40610806,   40618632, 7.826, 40618662,   40621298, 2.636, 0, 0, 0, 0, 0, 0, 0, 0, 0, 1.9010925917, 3,     100107, Normal
1, 1, 1, 0, 0, 0, 0, 1, 0, 0, 40627953,   40629640, 1.687, 40629643,   40633885, 4.242, 40632793,   40635392, 2.599, 0, 0, 0, 0, 0, 0, 0, 0, 0, 1.20687156609, 4,     100107, Normal
1, 1, 1, 0, 0, 0, 0, 1, 0, 0, 40640885,   40641733, 0.848, 40641738,   40649026, 7.288, 40647996,   40651622, 3.626, 0, 0, 0, 0, 0, 0, 0, 0, 0, 1.87120564009, 4,     100107, Normal
1, 1, 1, 0, 0, 0, 0, 1, 0, 0, 40661027,   40663157, 2.13, 40662127,   40666310, 4.183, 40665275,   40668904, 3.629, 0, 0, 0, 0, 0, 0, 0, 0, 0, 0.737821459846, 0,     100107, Normal
1, 1, 1, 0, 0, 0, 0, 1, 0, 0, 40672361,   40674159, 1.798, 40673131,   40676772, 3.641, 40675746,   40679379, 3.633, 0, 0, 0, 0, 0, 0, 0, 0, 0, 2.42000701028, 3,     100107, Normal
1, 1, 1, 0, 0, 0, 0, 1, 0, 0, 40684680,   40686202, 1.522, 40685152,   40689334, 4.182, 40688294,   40691445, 3.151, 0, 0, 0, 0, 0, 0, 0, 0, 0, 0.528189448592, 2,     100107, Normal
1, 1, 1, 0, 0, 0, 0, 1, 0, 0, 40695774,   40697733, 1.959, 40696690,   40701899, 5.209, 40700872,   40704006, 3.134, 0, 0, 0, 0, 0, 0, 0, 0, 0, 1.90048522052, 1,     100107, Normal
0, 0, 0, 0, 0, 0, 0, 1, 0, 0, 0, 0, 0, 0, 0, 0, 0, 0, 0, 0, 0, 0, 0, 0, 0, 0, 0, 0, 1.09459857823, 1,     100107, Normal
0, 0, 0, 0, 0, 0, 0, 1, 0, 0, 0, 0, 0, 0, 0, 0, 0, 0, 0, 0, 0, 0, 0, 0, 0, 0, 0, 0, 1.26119866209, 2,     100107, Normal
0, 0, 0, 0, 0, 0, 0, 1, 0, 0, 0, 0, 0, 0, 0, 0, 0, 0, 0, 0, 0, 0, 0, 0, 0, 0, 0, 0, 2.62221635244, 1,     100107, Normal
1, 1, 1, 0, 0, 0, 0, 1, 0, 0, 40747983,   40748529, 0.546, 40747480,   40752175, 4.695, 40751144,   40755310, 4.166, 0, 0, 0, 0, 0, 0, 0, 0, 0, 1.37124155439, 2,     100107, Normal
1, 1, 1, 0, 0, 0, 0, 1, 0, 0, 40762719,   40764735, 2.016, 40763727,   40768420, 4.693, 40767393,   40770535, 3.142, 0, 0, 0, 0, 0, 0, 0, 0, 0, 0.550717574781, 1,     100107, Normal
1, 1, 1, 0, 0, 0, 0, 1, 0, 0, 40778605,   40780534, 1.929, 40779455,   40783653, 4.198, 40782580,   40785168, 2.588, 0, 0, 0, 0, 0, 0, 0, 0, 0, 2.83025324646, 4,     100107, Normal
1, 1, 1, 0, 0, 0, 0, 1, 0, 0, 40794611,   40795647, 1.036, 40794636,   40799851, 5.215, 40798807,   40803001, 4.194, 0, 0, 0, 0, 0, 0, 0, 0, 0, 1.20145796916, 2,     100107, Normal
1, 1, 1, 0, 0, 0, 0, 1, 0, 0, 40807503,   40809264, 1.761, 40808252,   40813488, 5.236, 40812951,   40815556, 2.605, 0, 0, 0, 0, 0, 0, 0, 0, 0, 2.25738226947, 0,     100107, Normal
1, 0, 0, 0, 0, 0, 0, 1, 0, 0, 40832336,   40836594, 4.258, 0, 0, 0, 0, 0, 0, 0, 0, 0, 0, 0, 0, 0, 0, 0, 0.120409621857, 0,     100107, Normal
1, 1, 0, 0, 0, 0, 0, 1, 0, 0, 38518071,   38522674, 4.603, 38524736,   38534443, 9.707, 0, 0, 0, 0, 0, 0, 0, 0, 0, 0, 0, 0, 2.08021105866, 1,     100108, Normal
1, 1, 0, 0, 0, 0, 0, 1, 0, 0, 38545708,   38551322, 5.614, 38553407,   38564641, 11.234, 0, 0, 0, 0, 0, 0, 0, 0, 0, 0, 0, 0, 0.179502394589, 4,     100108, Normal
0, 1, 0, 0, 0, 0, 0, 1, 0, 0, 0, 0, 0, 38580539,   38586670, 6.131, 0, 0, 0, 0, 0, 0, 0, 0, 0, 0, 0, 0, 2.72889339536, 0,     100108, Normal
1, 1, 0, 0, 0, 0, 0, 1, 0, 0, 38597439,   38602546, 5.107, 38609725,   38617394, 7.669, 0, 0, 0, 0, 0, 0, 0, 0, 0, 0, 0, 0, 0.532746408204, 1,     100108, Normal
1, 1, 0, 0, 0, 0, 0, 1, 0, 0, 38628672,   38635352, 6.68, 38637387,   38644533, 7.146, 0, 0, 0, 0, 0, 0, 0, 0, 0, 0, 0, 0, 1.0723967951, 2,     100108, Normal
1, 1, 0, 0, 0, 0, 0, 1, 0, 0, 38654284,  38660400, 6.116, 38662470,   38670642, 8.172, 0, 0, 0, 0, 0, 0, 0, 0, 0, 0, 0, 0, 0.463009255324, 1,     100108, Normal
1, 1, 0, 0, 0, 0, 0, 1, 0, 0, 38675821,   38682410, 6.589, 38682954,   38691629, 8.675, 0, 0, 0, 0, 0, 0, 0, 0, 0, 0, 0, 0, 2.12528189434, 1,     100108, Normal
1, 1, 0, 0, 0, 0, 0, 1, 0, 0, 38703959,   38710603, 6.644, 38713665,   38721325, 7.66, 0, 0, 0, 0, 0, 0, 0, 0, 0, 0, 0, 0, 0.631947086482, 4,     100108, Normal
1, 1, 0, 0, 0, 0, 0, 1, 0, 0, 38726513,   38737723, 11.21, 38738374,   38746416, 8.042, 0, 0, 0, 0, 0, 0, 0, 0, 0, 0, 0, 0, 1.75041551354, 2,     100108, Normal
1, 1, 0, 0, 0, 0, 0, 1, 0, 0, 38750532,  38758282, 7.75, 38761281,   38770487, 9.206, 0, 0, 0, 0, 0, 0, 0, 0, 0, 0, 0, 0, 2.31944964373, 4,     100108, Normal
1, 1, 0, 0, 0, 0, 0, 1, 0, 0, 38787656,   38788415, 0.759, 38789441,   38795580, 6.139, 0, 0, 0, 0, 0, 0, 0, 0, 0, 0, 0, 0, 0.54565686507, 3,     100108, Normal
1, 1, 0, 0, 0, 0, 0, 1, 0, 0, 38802254,   38807374, 5.12, 38810447,   38817614, 7.167, 0, 0, 0, 0, 0, 0, 0, 0, 0, 0, 0, 0, 0.44534916148, 1,     100108, Normal
1, 1, 0, 0, 0, 0, 0, 1, 0, 0, 38825300,   38831413, 6.113, 38833491,   38842704, 9.213, 0, 0, 0, 0, 0, 0, 0, 0, 0, 0, 0, 0, 2.51889347557, 2,     100108, Normal
0, 0, 0, 0, 0, 0, 0, 1, 0, 0, 0, 0, 0, 0, 0, 0, 0, 0, 0, 0, 0, 0, 0, 0, 0, 0, 0, 0, 0.918010622115, 3,     100108, Normal
0, 0, 0, 0, 0, 0, 0, 1, 0, 0, 0, 0, 0, 0, 0, 0, 0, 0, 0, 0, 0, 0, 0, 0, 0, 0, 0, 0, 2.97904022762, 0,     100108, Normal
1, 1, 0, 0, 0, 0, 0, 1, 0, 0, 38906788,   38912339, 5.551, 38912854,   38918486, 5.632, 0, 0, 0, 0, 0, 0, 0, 0, 0, 0, 0, 0, 1.30120362892, 3,     100108, Normal
1, 1, 0, 0, 0, 0, 0, 1, 0, 0, 38927701,   38931271, 3.57, 38932250,   38937432, 5.182, 0, 0, 0, 0, 0, 0, 0, 0, 0, 0, 0, 0, 1.99931279415, 1,     100108, Normal
0, 0, 1, 0, 0, 0, 0, 1, 0, 0, 0, 0, 0, 0, 0, 0, 38956903,   38961503, 4.6, 0, 0, 0, 0, 0, 0, 0, 0, 0, 2.88858091662, 4,     100108, Normal
1, 1, 0, 1, 1, 1, 0, 1, 0, 1, 40542413,   40543125, 0.712, 40543162,   40547762, 4.6, 0, 0, 0, 38967660,   38969240, 1.58, 38975368,   38977365, 1.997, 39022433,   39040344, 17.911, 0.875262350647, 2,     100108, Normal
1, 1, 0, 0, 0, 0, 0, 1, 0, 0, 40553402,  40557025, 3.623, 40557982,   40561547, 3.565, 0, 0, 0, 0, 0, 0, 0, 0, 0, 0, 0, 0, 2.8083440116, 4,     100108, Normal
1, 0, 0, 0, 0, 0, 0, 1, 0, 0, 40569999,   40571289, 1.29, 0, 0, 0, 0, 0, 0, 0, 0, 0, 0, 0, 0, 0, 0, 0, 0.229123681629, 0,     100108, Normal
1, 1, 0, 0, 0, 0, 0, 1, 0, 0, 40582435,   40583573, 1.138, 40583595,   40587721, 4.126, 0, 0, 0, 0, 0, 0, 0, 0, 0, 0, 0, 0, 0.357252518306, 1,     100108, Normal
1, 1, 0, 0, 0, 0, 0, 1, 0, 0, 40591284,  40595163, 3.879, 40595405,   40599970, 4.565, 0, 0, 0, 0, 0, 0, 0, 0, 0, 0, 0, 0, 2.35361205885, 1,     100108, Normal
1, 0, 1, 0, 0, 0, 0, 1, 0, 0, 40610512,   40611731, 1.219, 0, 0, 0, 40616404,   40621475, 5.071, 0, 0, 0, 0, 0, 0, 0, 0, 0, 1.94933197785, 0,     100108, Normal
1, 0, 0, 0, 0, 0, 0, 1, 0, 0, 40627858,   40628651, 0.793, 0, 0, 0, 0, 0, 0, 0, 0, 0, 0, 0, 0, 0, 0, 0, 0.323004230835, 4,     100108, Normal
1, 0, 0, 0, 0, 0, 0, 1, 0, 0, 40637867,  40644366, 6.499, 0, 0, 0, 0, 0, 0, 0, 0, 0, 0, 0, 0, 0, 0, 0, 1.3982091045, 1,     100108, Normal
1, 1, 0, 0, 0, 0, 0, 1, 0, 0, 40661087,   40663956, 2.869, 40662958,   40666518, 3.56, 0, 0, 0, 0, 0, 0, 0, 0, 0, 0, 0, 0, 0.924175762149, 1,     100108, Normal
1, 1, 0, 0, 0, 0, 0, 1, 0, 0, 40672290,   40674744, 2.454, 40673698,   40678299, 4.601, 0, 0, 0, 0, 0, 0, 0, 0, 0, 0, 0, 0, 2.16372407079, 1,     100108, Normal
1, 1, 0, 0, 0, 0, 0, 1, 0, 0, 40684453,   40686507, 2.054, 40685487,   40690089, 4.602, 0, 0, 0, 0, 0, 0, 0, 0, 0, 0, 0, 0, 0.15569840159, 1,     100108, Normal
1, 1, 0, 0, 0, 0, 0, 1, 0, 0, 40695614,   40697766, 2.152, 40696756,   40702375, 5.619, 0, 0, 0, 0, 0, 0, 0, 0, 0, 0, 0, 0, 1.97210421406, 0,     100108, Normal
0, 0, 0, 0, 0, 0, 0, 1, 0, 0, 0, 0, 0, 0, 0, 0, 0, 0, 0, 0, 0, 0, 0, 0, 0, 0, 0, 0, 2.22489738503, 0,     100108, Normal
0, 0, 0, 0, 0, 0, 0, 1, 0, 0, 0, 0, 0, 0, 0, 0, 0, 0, 0, 0, 0, 0, 0, 0, 0, 0, 0, 0, 0.730728549925, 2,     100108, Normal
0, 0, 0, 0, 0, 0, 0, 1, 0, 0, 0, 0, 0, 0, 0, 0, 0, 0, 0, 0, 0, 0, 0, 0, 0, 0, 0, 0, 1.94894500012, 4,     100108, Normal
1, 1, 0, 0, 0, 0, 0, 1, 0, 0, 40747149,   40749986, 2.837, 40748985,   40754587, 5.602, 0, 0, 0, 0, 0, 0, 0, 0, 0, 0, 0, 0, 1.10381631781, 0,     100108, Normal
1, 0, 0, 0, 0, 0, 0, 1, 0, 0, 40762270,   40768424, 6.154, 0, 0, 0, 0, 0, 0, 0, 0, 0, 0, 0, 0, 0, 0, 0, 2.71993905958, 1,     100108, Normal
1, 0, 0, 0, 0, 0, 0, 0, 0, 0, 40774588,   40783782, 9.194, 0, 0, 0, 0, 0, 0, 0, 0, 0, 0, 0, 0, 0, 0, 0, 1.41361559665, 3,     100108, Normal
1, 1, 0, 0, 0, 0, 0, 0, 0, 0, 40790468,   40795562, 5.094, 40794557,   40799659, 5.102, 0, 0, 0, 0, 0, 0, 0, 0, 0, 0, 0, 0, 0.363495007643, 3,     100108, Normal
1, 1, 0, 0, 0, 0, 0, 1, 0, 0, 40804287,   40810417, 6.13, 40811552,   40813483, 1.931, 0, 0, 0, 0, 0, 0, 0, 0, 0, 0, 0, 0, 2.82883427808, 1,     100108, Normal
1, 0, 1, 1, 0, 0, 0, 1, 0, 0, 40832995,   40836534, 3.539, 0, 0, 0, 40840625,   40845235, 4.61, 40845240,   40848311, 3.071, 0, 0, 0, 0, 0, 0, 1.13045712766, 3,     100108, Normal
1, 1, 1, 0, 0, 0, 0, 1, 0, 0, 39136490,   39141599, 5.109, 39148451,   39152629, 4.178, 39152660,   39156820, 4.16, 0, 0, 0, 0, 0, 0, 0, 0, 0, 2.93274660219, 0,     100109, Normal
1, 1, 1, 0, 0, 0, 0, 1, 0, 0, 39165721,  39169952, 4.231, 39169954,   39173541, 3.587, 39172507,   39176165, 3.658, 0, 0, 0, 0, 0, 0, 0, 0, 0, 2.04323096875, 0,     100109, Normal
1, 1, 1, 0, 0, 0, 0, 1, 0, 0, 39186093,   39189248, 3.155, 39189779,   39195491, 5.712, 39196557,   39201238, 4.681, 0, 0, 0, 0, 0, 0, 0, 0, 0, 2.20778039588, 3,     100109, Normal
1, 1, 1, 0, 0, 0, 0, 1, 0, 0, 39212756,   39216412, 3.656, 39220093,   39225302, 5.209, 39224274,   39227916, 3.642, 0, 0, 0, 0, 0, 0, 0, 0, 0, 0.0905691589648, 4,     100109, Normal
1, 1, 1, 0, 0, 0, 0, 1, 0, 0, 39241518,   39246212, 4.694, 39248308,   39254584, 6.276, 39254591,   39259294, 4.703, 0, 0, 0, 0, 0, 0, 0, 0, 0, 1.36674096823, 3,     100109, Normal
1, 1, 1, 0, 0, 0, 0, 1, 0, 0, 39267139,   39269745, 2.606, 39270282,   39273920, 3.638, 39275496,   39279691, 4.195, 0, 0, 0, 0, 0, 0, 0, 0, 0, 0.305139760151, 4,     100109, Normal
1, 1, 0, 0, 0, 0, 0, 1, 0, 0, 39297975,   39301112, 3.137, 39300103,  39303235, 3.132, 0, 0, 0, 0, 0, 0, 0, 0, 0, 0, 0, 0, 0.883760041812, 1,     100109, Normal
1, 1, 1, 0, 0, 0, 0, 1, 0, 0, 39320461,   39323589, 3.128, 39327283,   39331415, 4.132, 39331957,   39336133, 4.176, 0, 0, 0, 0, 0, 0, 0, 0, 0, 1.84456170867, 4,     100109, Normal
1, 1, 1, 0, 0, 0, 0, 1, 0, 0, 39347650,   39352855, 5.205, 39355477,   39361733, 6.256, 39360712,   39364347, 3.635, 0, 0, 0, 0, 0, 0, 0, 0, 0, 2.92287030842, 3,     100109, Normal
1, 1, 1, 0, 0, 0, 0, 1, 0, 0, 39377443,   39382137, 4.694, 39385809,   39392563, 6.754, 39395732,   39400416, 4.684, 0, 0, 0, 0, 0, 0, 0, 0, 0, 0.0108982279604, 4,     100109, Normal
1, 1, 1, 0, 0, 0, 0, 1, 0, 0, 39411408,   39416658, 5.25, 39419191,   39427648, 8.457, 39428356,   39432367, 4.011, 0, 0, 0, 0, 0, 0, 0, 0, 0, 1.50172520781, 3,     100109, Normal
0, 0, 0, 0, 0, 0, 0, 1, 0, 0, 0, 0, 0, 0, 0, 0, 0, 0, 0, 0, 0, 0, 0, 0, 0, 0, 0, 0, 1.95896572458, 2,     100109, Normal
1, 1, 1, 0, 0, 0, 0, 1, 0, 0, 39496635,   39501860, 5.225, 39503932,   39510715, 6.783, 39511799,   39515415, 3.616, 0, 0, 0, 0, 0, 0, 0, 0, 0, 0.643073130417, 2,     100109, Normal
0, 0, 0, 0, 0, 0, 0, 1, 0, 0, 0, 0, 0, 0, 0, 0, 0, 0, 0, 0, 0, 0, 0, 0, 0, 0, 0, 0, 2.60389183904, 3,     100109, Normal
0, 0, 0, 0, 0, 0, 0, 1, 0, 0, 0, 0, 0, 0, 0, 0, 0, 0, 0, 0, 0, 0, 0, 0, 0, 0, 0, 0, 1.88206365129, 4,     100109, Normal
1, 0, 0, 1, 1, 1, 0, 0, 0, 1, 39602217,   39606516, 4.299, 0, 0, 0, 0, 0, 0, 39607116,   39608621, 1.505, 39611160,   39614276, 3.116, 39624694,   39649247, 24.553, 2.54129166188, 1,     100109, Normal
1, 1, 1, 0, 0, 0, 0, 1, 0, 0, 40638705,   40642819, 4.114, 40644401,  40647903, 3.502, 40641817,   40644893, 3.076, 0, 0, 0, 0, 0, 0, 0, 0, 0, 0.0254077622968, 2,     100109, Normal
1, 1, 1, 0, 0, 0, 0, 1, 0, 0, 40656963,   40660059, 3.096, 40662692,  40668090, 5.398, 40660081,   40663731, 3.65, 0, 0, 0, 0, 0, 0, 0, 0, 0, 0.648351542503, 4,     100109, Normal
1, 1, 1, 0, 0, 0, 0, 1, 0, 0, 40681507,   40686211, 4.704, 40691439,   40693508, 2.069, 40685180,   40689332, 4.152, 0, 0, 0, 0, 0, 0, 0, 0, 0, 1.23622244839, 2,     100109, Normal
1, 1, 1, 0, 0, 0, 0, 1, 0, 0, 40702437,   40705541, 3.104, 40711233,   40712332, 1.099, 40704528,   40708687, 4.159, 0, 0, 0, 0, 0, 0, 0, 0, 0, 2.39824335266, 0,     100109, Normal
1, 1, 1, 0, 0, 0, 0, 1, 0, 0, 40715993,   40719660, 3.667, 40725384,   40727503, 2.119, 40720191,   40722269, 2.078, 0, 0, 0, 0, 0, 0, 0, 0, 0, 1.79961156856, 1,     100109, Normal
1, 1, 1, 0, 0, 0, 0, 1, 0, 0, 40733784,   40737424, 3.64, 40740739,   40742150, 1.411, 40736384,   40738993, 2.609, 0, 0, 0, 0, 0, 0, 0, 0, 0, 1.22011977202, 2,     100109, Normal
1, 1, 1, 0, 0, 0, 0, 1, 0, 0, 40746327,   40749978, 3.651, 40755662,   40757289, 1.627, 40749470,   40753102, 3.632, 0, 0, 0, 0, 0, 0, 0, 0, 0, 2.82281196266, 0,     100109, Normal
1, 1, 1, 0, 0, 0, 0, 1, 0, 0, 40762533,   40766202, 3.669, 40767762,  40772721, 4.959, 40766207,   40768804, 2.597, 0, 0, 0, 0, 0, 0, 0, 0, 0, 0.0717449160174, 4,     100109, Normal
1, 1, 1, 0, 0, 0, 0, 1, 0, 0, 40778213,   40780812, 2.599, 40787195,   40788136, 0.941, 40779786,   40783450, 3.664, 0, 0, 0, 0, 0, 0, 0, 0, 0, 0.987683768865, 4,     100109, Normal
1, 1, 1, 0, 0, 0, 0, 1, 0, 0, 40792325,   40795460, 3.135, 40801842,   40803839, 1.997, 40795488,   40798591, 3.103, 0, 0, 0, 0, 0, 0, 0, 0, 0, 2.99655377457, 1,     100109, Normal
1, 1, 1, 0, 0, 0, 0, 1, 0, 0, 40809591,   40813219, 3.628, 40819363,   40820040, 0.677, 40812192,   40815851, 3.659, 0, 0, 0, 0, 0, 0, 0, 0, 0, 0.739694754143, 2,     100109, Normal
0, 0, 0, 0, 0, 0, 0, 1, 0, 0, 0, 0, 0, 0, 0, 0, 0, 0, 0, 0, 0, 0, 0, 0, 0, 0, 0, 0, 0.770047548084, 1,     100109, Normal
1, 1, 1, 0, 0, 0, 0, 1, 0, 0, 40843046,   40846665, 3.619, 40853447,   40855029, 1.582, 40847764,   40850350, 2.586, 0, 0, 0, 0, 0, 0, 0, 0, 0, 0.269856402843, 4,     100109, Normal
1, 1, 1, 0, 0, 0, 0, 1, 0, 0, 40862377,   40866537, 4.16, 40872919,   40874391, 1.472, 40866569,   40870207, 3.638, 0, 0, 0, 0, 0, 0, 0, 0, 0, 0.744553459855, 0,     100109, Normal
1, 1, 1, 0, 0, 0, 0, 1, 0, 0, 40882251,   40886928, 4.677, 40893477,   40894265, 0.788, 40885895,   40889022, 3.127, 0, 0, 0, 0, 0, 0, 0, 0, 0, 1.36344059471, 4,     100109, Normal
1, 0, 0, 0, 1, 1, 0, 0, 0, 0, 40931225,   40933878, 2.653, 0, 0, 0, 0, 0, 0, 0, 0, 0, 40932789,   40934916, 2.127, 40944905,   40958616, 13.711, 0.435662562705, 0,     100109, Normal
1, 1, 1, 0, 0, 0, 1, 1, 0, 0, 37520634, 37524037, 3.403, 37533070, 37537568, 4.498, 37542438, 37548387, 5.949, 0, 0, 0, 0, 0, 0, 0, 0, 0, 38.57667, 4, 100110, Normal
1, 1, 1, 0, 0, 0, 1, 1, 0, 0, 37562357, 37566557, 4.2, 37577257, 37581612, 4.355, 37587089, 37590414, 3.325, 0, 0, 0, 0, 0, 0, 0, 0, 0, 38.99923, 4, 100110, Normal
1, 1, 1, 0, 0, 0, 1, 1, 0, 0, 37608721, 37612178, 3.457, 37623066, 37626936, 3.87, 37630727, 37636494, 5.767, 0, 0, 0, 0, 0, 0, 0, 0, 0, 38.60447, 1, 100110, Normal
1, 1, 1, 0, 0, 0, 1, 1, 0, 0, 37650151, 37653765, 3.614, 37667254, 37671998, 4.744, 37675878, 37678950, 3.072, 0, 0, 0, 0, 0, 0, 0, 0, 0, 40.03061, 4, 100110, Normal
1, 1, 1, 0, 0, 0, 1, 1, 0, 0, 37694755, 37698652, 3.897, 37707663, 37714110, 6.447, 37717563, 37720092, 2.529, 0, 0, 0, 0, 0, 0, 0, 0, 0, 35.21843, 0, 100110, Normal
1, 1, 1, 0, 0, 0, 1, 1, 0, 0, 37735890, 37739768, 3.878, 37751669, 37758050, 6.381, 37762819, 37765474, 2.655, 0, 0, 0, 0, 0, 0, 0, 0, 0, 41.12176, 4, 100110, Normal
1, 1, 1, 0, 0, 0, 1, 1, 0, 0, 37779280, 37783817, 4.537, 37792118, 37795672, 3.554, 37801479, 37805567, 4.088, 0, 0, 0, 0, 0, 0, 0, 0, 0, 36.53893, 3, 100110, Normal
1, 1, 1, 0, 0, 0, 1, 1, 0, 0, 37819475, 37824902, 5.427, 37838852, 37844489, 5.637, 37850082, 37854581, 4.499, 0, 0, 0, 0, 0, 0, 0, 0, 0, 48.79734, 2, 100110, Normal
1, 1, 1, 0, 0, 0, 1, 1, 0, 0, 37871775, 37874914, 3.139, 37886582, 37893252, 6.67, 37896817, 37901579, 4.762, 0, 0, 0, 0, 0, 0, 0, 0, 0, 41.42756, 3, 100110, Normal
1, 1, 1, 0, 0, 0, 1, 1, 0, 0, 37914194, 37917386, 3.192, 37929594, 37935438, 5.844, 37941940, 37947636, 5.696, 0, 0, 0, 0, 0, 0, 0, 0, 0, 46.48438, 0, 100110, Normal
1, 1, 1, 0, 0, 0, 1, 1, 0, 0, 37964107, 37969903, 5.796, 37977514, 37982871, 5.357, 37986061, 37990075, 4.014, 0, 0, 0, 0, 0, 0, 0, 0, 0, 36.09552, 1, 100110, Normal
1, 1, 1, 0, 0, 0, 1, 1, 0, 0, 38000816, 38007045, 6.229, 38018229, 38024963, 6.734, 38031050, 38037050, 6.0, 0, 0, 0, 0, 0, 0, 0, 0, 0, 50.36526, 4, 100110, Normal
1, 1, 1, 0, 0, 0, 1, 1, 0, 0, 38053795, 38059406, 5.611, 38070454, 38076429, 5.975, 38081380, 38086903, 5.523, 0, 0, 0, 0, 0, 0, 0, 0, 0, 46.02012, 1, 100110, Normal
1, 1, 1, 0, 0, 0, 1, 1, 0, 0, 38097853, 38101320, 3.467, 38111258, 38117815, 6.557, 38122223, 38126671, 4.448, 0, 0, 0, 0, 0, 0, 0, 0, 0, 40.05702, 2, 100110, Normal
1, 1, 1, 0, 0, 0, 1, 1, 0, 0, 38140636, 38144605, 3.969, 38154196, 38160408, 6.212, 38166252, 38169548, 3.296, 0, 0, 0, 0, 0, 0, 0, 0, 0, 40.18768, 0, 100110, Normal
1, 1, 1, 0, 0, 0, 1, 1, 0, 0, 38183291, 38186330, 3.039, 38198172, 38203521, 5.349, 38209738, 38214020, 4.282, 0, 0, 0, 0, 0, 0, 0, 0, 0, 42.71331, 2, 100110, Normal
1, 1, 1, 0, 0, 0, 1, 1, 0, 0, 38231271, 38235248, 3.977, 38247123, 38251987, 4.864, 38255621, 38260022, 4.401, 0, 0, 0, 0, 0, 0, 0, 0, 0, 39.96389, 0, 100110, Normal
1, 1, 1, 0, 0, 0, 1, 1, 0, 0, 38276964, 38281438, 4.474, 38290160, 38293974, 3.814, 38298218, 38300768, 2.55, 0, 0, 0, 0, 0, 0, 0, 0, 0, 33.08756, 4, 100110, Normal
1, 1, 1, 0, 0, 0, 1, 1, 0, 0, 38311541, 38316855, 5.314, 38327390, 38332398, 5.008, 38338368, 38343065, 4.697, 0, 0, 0, 0, 0, 0, 0, 0, 0, 43.81836, 2, 100110, Normal
1, 1, 1, 0, 0, 0, 1, 1, 0, 0, 38359314, 38365161, 5.847, 38376745, 38383324, 6.579, 38386805, 38392791, 5.986, 0, 0, 0, 0, 0, 0, 0, 0, 0, 46.53303, 3, 100110, Normal
1, 1, 1, 0, 0, 0, 1, 1, 0, 0, 38410083, 38415686, 5.603, 38427794, 38434164, 6.37, 38439006, 38443039, 4.033, 0, 0, 0, 0, 0, 0, 0, 0, 0, 45.80884, 3, 100110, Normal
1, 1, 1, 0, 0, 0, 1, 1, 0, 0, 38458316, 38460817, 2.501, 38471933, 38478695, 6.762, 38481383, 38484929, 3.546, 0, 0, 0, 0, 0, 0, 0, 0, 0, 36.99207, 1, 100110, Normal
1, 1, 1, 0, 0, 0, 1, 1, 0, 0, 38502429, 38506370, 3.941, 38516397, 38522774, 6.377, 38527789, 38532425, 4.636, 0, 0, 0, 0, 0, 0, 0, 0, 0, 41.69444, 4, 100110, Normal
1, 1, 1, 0, 0, 0, 1, 1, 0, 0, 38548434, 38551147, 2.713, 38561825, 38567569, 5.744, 38570366, 38574317, 3.951, 0, 0, 0, 0, 0, 0, 0, 0, 0, 35.97737, 1, 100110, Normal
1, 1, 1, 0, 0, 0, 1, 1, 0, 0, 38594274, 38596953, 2.679, 38609395, 38616357, 6.962, 38621676, 38625497, 3.821, 0, 0, 0, 0, 0, 0, 0, 0, 0, 43.39997, 3, 100110, Normal
1, 1, 1, 0, 0, 0, 1, 1, 0, 0, 37803582, 37806112, 2.53, 37815264, 37818590, 3.326, 37821729, 37825820, 4.091, 0, 0, 0, 0, 0, 0, 0, 0, 0, 30.91082, 3, 100111, Normal
1, 1, 1, 0, 0, 0, 1, 1, 0, 0, 37843625, 37848355, 4.73, 37859600, 37863530, 3.93, 37868379, 37872398, 4.019, 0, 0, 0, 0, 0, 0, 0, 0, 0, 39.99447, 3, 100111, Normal
1, 1, 1, 0, 0, 0, 1, 1, 0, 0, 37892161, 37897467, 5.306, 37906594, 37912238, 5.644, 37916000, 37921343, 5.343, 0, 0, 0, 0, 0, 0, 0, 0, 0, 40.56298, 2, 100111, Normal
1, 1, 1, 0, 0, 0, 1, 1, 0, 0, 37940321, 37946245, 5.924, 37955684, 37962758, 7.074, 37967346, 37972756, 5.41, 0, 0, 0, 0, 0, 0, 0, 0, 0, 45.08465, 3, 100111, Normal
1, 1, 1, 0, 0, 0, 1, 1, 0, 0, 37990087, 37994038, 3.951, 38006395, 38011559, 5.164, 38015498, 38019113, 3.615, 0, 0, 0, 0, 0, 0, 0, 0, 0, 40.34614, 3, 100111, Normal
1, 1, 1, 0, 0, 0, 1, 1, 0, 0, 38036626, 38042954, 6.328, 38053498, 38060062, 6.564, 38062853, 38068298, 5.445, 0, 0, 0, 0, 0, 0, 0, 0, 0, 44.02408, 0, 100111, Normal
1, 1, 1, 0, 0, 0, 1, 1, 0, 0, 38082588, 38086613, 4.025, 38098418, 38103261, 4.843, 38109264, 38112001, 2.737, 0, 0, 0, 0, 0, 0, 0, 0, 0, 40.88407, 2, 100111, Normal
1, 1, 1, 0, 0, 0, 1, 1, 0, 0, 38127256, 38131727, 4.471, 38142225, 38145841, 3.616, 38152361, 38154630, 2.269, 0, 0, 0, 0, 0, 0, 0, 0, 0, 38.04986, 3, 100111, Normal
1, 1, 1, 0, 0, 0, 1, 1, 0, 0, 38172357, 38175772, 3.415, 38184714, 38191446, 6.732, 38197484, 38200716, 3.232, 0, 0, 0, 0, 0, 0, 0, 0, 0, 39.41901, 3, 100111, Normal
1, 1, 1, 0, 0, 0, 1, 1, 0, 0, 38216677, 38219131, 2.454, 38227671, 38231455, 3.784, 38235674, 38240604, 4.93, 0, 0, 0, 0, 0, 0, 0, 0, 0, 33.25853, 4, 100111, Normal
1, 1, 1, 0, 0, 0, 1, 1, 0, 0, 38252075, 38255571, 3.496, 38266530, 38272236, 5.706, 38275862, 38280291, 4.429, 0, 0, 0, 0, 0, 0, 0, 0, 0, 39.22024, 3, 100111, Normal
1, 1, 1, 0, 0, 0, 1, 1, 0, 0, 38294194, 38300123, 5.929, 38310447, 38316702, 6.255, 38321403, 38327297, 5.894, 0, 0, 0, 0, 0, 0, 0, 0, 0, 46.01317, 0, 100111, Normal
1, 1, 1, 0, 0, 0, 1, 1, 0, 0, 38342645, 38347655, 5.01, 38354960, 38360124, 5.164, 38365088, 38367769, 2.681, 0, 0, 0, 0, 0, 0, 0, 0, 0, 34.92236, 1, 100111, Normal
1, 1, 1, 0, 0, 0, 1, 1, 0, 0, 38383512, 38389178, 5.666, 38400638, 38405960, 5.322, 38409444, 38414006, 4.562, 0, 0, 0, 0, 0, 0, 0, 0, 0, 42.38666, 3, 100111, Normal
1, 1, 1, 0, 0, 0, 1, 1, 0, 0, 38425944, 38430875, 4.931, 38439228, 38445537, 6.309, 38451913, 38457924, 6.011, 0, 0, 0, 0, 0, 0, 0, 0, 0, 44.4522, 4, 100111, Normal
1, 1, 1, 0, 0, 0, 1, 1, 0, 0, 38473242, 38477255, 4.013, 38489560, 38496355, 6.795, 38501444, 38507204, 5.76, 0, 0, 0, 0, 0, 0, 0, 0, 0, 47.20718, 0, 100111, Normal
1, 1, 1, 0, 0, 0, 1, 1, 0, 0, 38523163, 38527189, 4.026, 38537864, 38543434, 5.57, 38548826, 38554605, 5.779, 0, 0, 0, 0, 0, 0, 0, 0, 0, 43.70438, 2, 100111, Normal
1, 1, 1, 0, 0, 0, 1, 1, 0, 0, 38568093, 38572765, 4.672, 38581821, 38586228, 4.407, 38590050, 38592328, 2.278, 0, 0, 0, 0, 0, 0, 0, 0, 0, 33.68665, 2, 100111, Normal
1, 1, 1, 0, 0, 0, 1, 1, 0, 0, 38611321, 38614380, 3.059, 38623238, 38626979, 3.741, 38633110, 38639089, 5.979, 0, 0, 0, 0, 0, 0, 0, 0, 0, 38.59752, 3, 100111, Normal
1, 1, 1, 0, 0, 0, 1, 1, 0, 0, 38654954, 38660810, 5.856, 38671537, 38675396, 3.859, 38681686, 38685304, 3.618, 0, 0, 0, 0, 0, 0, 0, 0, 0, 42.1865, 3, 100111, Normal
1, 1, 1, 0, 0, 0, 1, 1, 0, 0, 38699491, 38703770, 4.279, 38713258, 38717277, 4.019, 38720810, 38724459, 3.649, 0, 0, 0, 0, 0, 0, 0, 0, 0, 34.70552, 3, 100111, Normal
1, 1, 1, 0, 0, 0, 1, 1, 0, 0, 38737185, 38740202, 3.017, 38749860, 38754351, 4.491, 38758740, 38762210, 3.47, 0, 0, 0, 0, 0, 0, 0, 0, 0, 34.78475, 0, 100111, Normal
1, 1, 1, 0, 0, 0, 1, 1, 0, 0, 38779681, 38784572, 4.891, 38793783, 38799205, 5.422, 38802652, 38805267, 2.615, 0, 0, 0, 0, 0, 0, 0, 0, 0, 35.56454, 1, 100111, Normal
1, 1, 1, 0, 0, 0, 1, 1, 0, 0, 38819849, 38823355, 3.506, 38834715, 38840845, 6.13, 38845961, 38848930, 2.969, 0, 0, 0, 0, 0, 0, 0, 0, 0, 40.42259, 1, 100111, Normal
1, 1, 1, 0, 0, 0, 1, 1, 0, 0, 38865055, 38867912, 2.857, 38878430, 38885458, 7.028, 38888483, 38891149, 2.666, 0, 0, 0, 0, 0, 0, 0, 0, 0, 36.27066, 3, 100111, Normal
1, 1, 1, 0, 0, 0, 0, 1, 1, 0, 37665265, 37671636, 6.371, 37683037, 37686434, 3.397, 37694137, 37698705, 4.568, 0, 0, 0, 0, 0, 0, 0, 0, 0, 1.03683054663, 1, 200101, Abnormal
1, 1, 1, 0, 0, 0, 0, 1, 0, 1, 37717608, 37722101, 4.493, 37730581, 37733842, 3.261, 37743923, 37749201, 5.278, 0, 0, 0, 0, 0, 0, 0, 0, 0, 1.02231328533, 3, 200101, Abnormal
1, 1, 1, 0, 0, 0, 0, 1, 1, 1, 37763039, 37765962, 2.923, 37780020, 37785279, 5.259, 37788556, 37793810, 5.254, 0, 0, 0, 0, 0, 0, 0, 0, 0, 0.439054087105, 1, 200101, Abnormal
1, 0, 1, 1, 1, 1, 0, 1, 1, 1, 37817051, 37821167, 4.116, 0, 0, 0, 37836621, 37840453, 3.832, 37843542, 37846138, 2.596, 37849366, 37850808, 1.442, 37855642, 37876802, 21.16, 0.496194086426, 4, 200101, Normal
1, 1, 1, 0, 0, 0, 0, 1, 0, 0, 37897959, 37904169, 6.21, 37914007, 37918213, 4.206, 37921163, 37925016, 3.853, 0, 0, 0, 0, 0, 0, 0, 0, 0, 0.332071896051, 2, 200101, Normal
1, 1, 1, 0, 0, 0, 0, 1, 1, 0, 37942639, 37947719, 5.08, 37958454, 37962826, 4.372, 37975521, 37980091, 4.57, 0, 0, 0, 0, 0, 0, 0, 0, 0, 2.18584238328, 0, 200101, Abnormal
1, 1, 1, 0, 0, 0, 0, 1, 0, 1, 37995287, 37999101, 3.814, 38009289, 38013942, 4.653, 38025646, 38029250, 3.604, 0, 0, 0, 0, 0, 0, 0, 0, 0, 2.56695440619, 2, 200101, Abnormal
1, 1, 1, 0, 0, 0, 0, 1, 1, 1, 38044381, 38050722, 6.341, 38067163, 38071091, 3.928, 38077210, 38079886, 2.676, 0, 0, 0, 0, 0, 0, 0, 0, 0, 0.945162237927, 1, 200101, Abnormal
1, 0, 1, 1, 1, 1, 0, 1, 1, 1, 38103891, 38109074, 5.183, 0, 0, 0, 38125323, 38129635, 4.312, 38136067, 38138480, 2.413, 38141944, 38146611, 4.667, 38150047, 38170299, 20.252, 0.884443129201, 3, 200101, Normal
1, 1, 1, 0, 0, 0, 0, 1, 0, 0, 38189117, 38191903, 2.786, 38201949, 38208433, 6.484, 38214934, 38219473, 4.539, 0, 0, 0, 0, 0, 0, 0, 0, 0, 2.3604687306, 2, 200101, Normal
1, 1, 1, 0, 0, 0, 0, 1, 1, 0, 38237082, 38239618, 2.536, 38247097, 38251104, 4.007, 38257791, 38263030, 5.239, 0, 0, 0, 0, 0, 0, 0, 0, 0, 2.3987025536, 2, 200101, Abnormal
1, 1, 1, 0, 0, 0, 0, 1, 0, 1, 38280852, 38286570, 5.718, 38299305, 38304068, 4.763, 38313410, 38318042, 4.632, 0, 0, 0, 0, 0, 0, 0, 0, 0, 1.53511822924, 3, 200101, Abnormal
1, 1, 1, 0, 0, 0, 0, 1, 1, 1, 38329995, 38333889, 3.894, 38348775, 38354270, 5.495, 38359916, 38362188, 2.272, 0, 0, 0, 0, 0, 0, 0, 0, 0, 0.930394040369, 2, 200101, Abnormal
1, 0, 1, 1, 1, 1, 0, 1, 1, 1, 38384590, 38387172, 2.582, 0, 0, 0, 38402716, 38408006, 5.29, 38411774, 38413341, 1.567, 38417774, 38419752, 1.978, 38425826, 38447436, 21.61, 0.559722827235, 2, 200101, Normal
1, 1, 1, 0, 0, 0, 0, 1, 0, 0, 38469628, 38474989, 5.361, 38483208, 38489638, 6.43, 38493693, 38498361, 4.668, 0, 0, 0, 0, 0, 0, 0, 0, 0, 0.662478835933, 3, 200101, Normal
1, 1, 1, 0, 0, 0, 0, 1, 1, 0, 38513717, 38519349, 5.632, 38529915, 38535796, 5.881, 38548000, 38550528, 2.528, 0, 0, 0, 0, 0, 0, 0, 0, 0, 0.760822835141, 3, 200101, Abnormal
1, 1, 1, 0, 0, 0, 0, 1, 0, 1, 38569345, 38572410, 3.065, 38579389, 38586010, 6.621, 38597946, 38603873, 5.927, 0, 0, 0, 0, 0, 0, 0, 0, 0, 1.79100220723, 1, 200101, Abnormal
1, 1, 1, 0, 0, 0, 0, 1, 1, 1, 38616458, 38620454, 3.996, 38638112, 38645178, 7.066, 38650544, 38654880, 4.336, 0, 0, 0, 0, 0, 0, 0, 0, 0, 2.46467145789, 1, 200101, Abnormal
1, 0, 1, 1, 1, 1, 0, 1, 1, 1, 38677579, 38683824, 6.245, 0, 0, 0, 38699659, 38704301, 4.642, 38708421, 38711062, 2.641, 38716775, 38719258, 2.483, 38724341, 38744363, 20.022, 2.82869294274, 3, 200101, Normal
1, 1, 1, 0, 0, 0, 0, 1, 0, 0, 38762299, 38767250, 4.951, 38777981, 38781545, 3.564, 38788085, 38790842, 2.757, 0, 0, 0, 0, 0, 0, 0, 0, 0, 2.61859742997, 3, 200101, Normal
1, 1, 1, 0, 0, 0, 0, 1, 1, 0, 38803613, 38807935, 4.322, 38818878, 38823806, 4.928, 38834574, 38839905, 5.331, 0, 0, 0, 0, 0, 0, 0, 0, 0, 1.53214940082, 2, 200101, Abnormal
1, 1, 1, 0, 0, 0, 0, 1, 0, 1, 38852335, 38855491, 3.156, 38864679, 38869856, 5.177, 38880972, 38884227, 3.255, 0, 0, 0, 0, 0, 0, 0, 0, 0, 0.930088974975, 1, 200101, Abnormal
1, 1, 1, 0, 0, 0, 0, 1, 1, 1, 38899278, 38902643, 3.365, 38922478, 38928259, 5.781, 38932431, 38935969, 3.538, 0, 0, 0, 0, 0, 0, 0, 0, 0, 0.397173762306, 3, 200101, Abnormal
1, 0, 1, 1, 1, 1, 0, 1, 1, 1, 38959312, 38965471, 6.159, 0, 0, 0, 38978154, 38984082, 5.928, 38988275, 38992127, 3.852, 38996508, 38997572, 1.064, 39001660, 39024596, 22.936, 2.63083894169, 3, 200101, Normal
1, 1, 1, 0, 0, 0, 0, 1, 0, 0, 39039143, 39044234, 5.091, 39052504, 39057980, 5.476, 39062178, 39064327, 2.149, 0, 0, 0, 0, 0, 0, 0, 0, 0, 1.1988987186, 0, 200101, Normal
1, 1, 1, 0, 0, 0, 1, 1, 0, 0, 37687357, 37689837, 2.48, 37699675, 37703723, 4.048, 37709894, 37713724, 3.83, 0, 0, 0, 0, 0, 0, 0, 0, 0, 73.30026, 4, 200102, Abnormal
1, 1, 1, 0, 0, 0, 1, 1, 0, 0, 37727115, 37732737, 5.622, 37744029, 37747506, 3.477, 37750583, 37754320, 3.737, 0, 0, 0, 0, 0, 0, 0, 0, 0, 75.6299, 1, 200102, Abnormal
1, 1, 1, 0, 0, 0, 1, 1, 0, 0, 37768348, 37771719, 3.371, 37784257, 37791120, 6.863, 37795200, 37800357, 5.157, 0, 0, 0, 0, 0, 0, 0, 0, 0, 88.98502, 2, 200102, Abnormal
1, 1, 1, 0, 0, 0, 1, 1, 0, 0, 37815783, 37822082, 6.299, 37833299, 37836658, 3.359, 37839752, 37845097, 5.345, 0, 0, 0, 0, 0, 0, 0, 0, 0, 81.49292, 1, 200102, Abnormal
1, 1, 1, 0, 0, 0, 1, 1, 0, 0, 37861173, 37864083, 2.91, 37874198, 37880907, 6.709, 37887313, 37893002, 5.689, 0, 0, 0, 0, 0, 0, 0, 0, 0, 88.48462, 3, 200102, Abnormal
1, 1, 1, 0, 0, 0, 1, 1, 0, 0, 37912278, 37917876, 5.598, 37924905, 37930937, 6.032, 37937063, 37939504, 2.441, 0, 0, 0, 0, 0, 0, 0, 0, 0, 75.68828, 4, 200102, Abnormal
1, 1, 1, 0, 0, 0, 1, 1, 0, 0, 37957625, 37960858, 3.233, 37968338, 37975451, 7.113, 37978604, 37982322, 3.718, 0, 0, 0, 0, 0, 0, 0, 0, 0, 68.65766, 0, 200102, Abnormal
1, 1, 1, 0, 0, 0, 1, 1, 0, 0, 37995850, 38001838, 5.988, 38011715, 38014905, 3.19, 38018483, 38024507, 6.024, 0, 0, 0, 0, 0, 0, 0, 0, 0, 79.66646, 3, 200102, Abnormal
1, 1, 1, 0, 0, 0, 1, 1, 0, 0, 38038153, 38040958, 2.805, 38050842, 38054996, 4.154, 38058337, 38061466, 3.129, 0, 0, 0, 0, 0, 0, 0, 0, 0, 64.81014, 3, 200102, Abnormal
1, 1, 1, 0, 0, 0, 1, 1, 0, 0, 38077713, 38080350, 2.637, 38090239, 38093728, 3.489, 38098244, 38104200, 5.956, 0, 0, 0, 0, 0, 0, 0, 0, 0, 73.63386, 0, 200102, Abnormal
1, 1, 1, 0, 0, 0, 1, 1, 0, 0, 38118270, 38121459, 3.189, 38131352, 38136084, 4.732, 38139669, 38142110, 2.441, 0, 0, 0, 0, 0, 0, 0, 0, 0, 66.2752, 2, 200102, Abnormal
1, 1, 1, 0, 0, 0, 1, 1, 0, 0, 38160201, 38165783, 5.582, 38174664, 38181386, 6.722, 38187927, 38190815, 2.888, 0, 0, 0, 0, 0, 0, 0, 0, 0, 85.10692, 1, 200102, Abnormal
1, 1, 1, 0, 0, 0, 1, 1, 0, 0, 38209349, 38215219, 5.87, 38223671, 38228617, 4.946, 38232275, 38235976, 3.701, 0, 0, 0, 0, 0, 0, 0, 0, 0, 74.02306, 4, 200102, Abnormal
1, 1, 1, 0, 0, 0, 1, 1, 0, 0, 38250368, 38256740, 6.372, 38266131, 38270212, 4.081, 38276346, 38279227, 2.881, 0, 0, 0, 0, 0, 0, 0, 0, 0, 80.22802, 2, 200102, Abnormal
1, 1, 1, 0, 0, 0, 1, 1, 0, 0, 38297122, 38300112, 2.99, 38308448, 38314105, 5.657, 38318343, 38320455, 2.112, 0, 0, 0, 0, 0, 0, 0, 0, 0, 64.86574, 4, 200102, Abnormal
1, 1, 1, 0, 0, 0, 0, 1, 0, 0, 37756157, 37759823, 3.666, 37772115, 37776700, 4.585, 37781206, 37785101, 3.895, 0, 0, 0, 0, 0, 0, 0, 0, 0, 20.11608, 1, 200103, Abnormal
1, 1, 1, 0, 0, 0, 0, 1, 0, 0, 37800736, 37804657, 3.921, 37815474, 37822493, 7.019, 37827791, 37832615, 4.824, 0, 0, 0, 0, 0, 0, 0, 0, 0, 22.155905, 4, 200103, Abnormal
1, 1, 1, 0, 0, 0, 0, 1, 0, 0, 37848480, 37853535, 5.055, 37860749, 37867684, 6.935, 37873653, 37875990, 2.337, 0, 0, 0, 0, 0, 0, 0, 0, 0, 19.11945, 2, 200103, Abnormal
1, 1, 1, 0, 0, 0, 0, 1, 0, 0, 37886977, 37891916, 4.939, 37903872, 37909442, 5.57, 37914180, 37918103, 3.923, 0, 0, 0, 0, 0, 0, 0, 0, 0, 21.63257, 1, 200103, Abnormal
1, 1, 1, 0, 0, 0, 0, 1, 0, 0, 37934732, 37937338, 2.606, 37944451, 37948824, 4.373, 37953985, 37958701, 4.716, 0, 0, 0, 0, 0, 0, 0, 0, 0, 16.658455, 0, 200103, Abnormal
1, 1, 1, 0, 0, 0, 0, 1, 0, 0, 37973053, 37979101, 6.048, 37992533, 37997457, 4.924, 38003173, 38007569, 4.396, 0, 0, 0, 0, 0, 0, 0, 0, 0, 23.98862, 4, 200103, Abnormal
1, 1, 1, 0, 0, 0, 0, 1, 0, 0, 38024292, 38027350, 3.058, 38035438, 38040820, 5.382, 38044829, 38049962, 5.133, 0, 0, 0, 0, 0, 0, 0, 0, 0, 17.84065, 4, 200103, Abnormal
1, 1, 1, 0, 0, 0, 0, 1, 0, 0, 38065723, 38069788, 4.065, 38081514, 38085267, 3.753, 38089155, 38095050, 5.895, 0, 0, 0, 0, 0, 0, 0, 0, 0, 20.382265, 4, 200103, Abnormal
1, 1, 1, 0, 0, 0, 0, 1, 0, 0, 38112779, 38118631, 5.852, 38129958, 38134310, 4.352, 38138987, 38144027, 5.04, 0, 0, 0, 0, 0, 0, 0, 0, 0, 21.71736, 1, 200103, Abnormal
1, 1, 1, 0, 0, 0, 0, 1, 0, 0, 38159912, 38164010, 4.098, 38171001, 38174808, 3.807, 38177487, 38181832, 4.345, 0, 0, 0, 0, 0, 0, 0, 0, 0, 15.2344, 2, 200103, Abnormal
1, 1, 1, 0, 0, 0, 0, 1, 0, 0, 38198959, 38203966, 5.007, 38215510, 38219625, 4.115, 38223081, 38226005, 2.924, 0, 0, 0, 0, 0, 0, 0, 0, 0, 18.79697, 3, 200103, Abnormal
1, 1, 1, 0, 0, 0, 0, 1, 0, 0, 38243966, 38246998, 3.032, 38258977, 38263450, 4.473, 38269495, 38273157, 3.662, 0, 0, 0, 0, 0, 0, 0, 0, 0, 20.287745, 3, 200103, Abnormal
1, 1, 1, 0, 0, 0, 0, 1, 0, 0, 38286782, 38289361, 2.579, 38300484, 38306681, 6.197, 38312455, 38314926, 2.471, 0, 0, 0, 0, 0, 0, 0, 0, 0, 19.56008, 0, 200103, Abnormal
1, 1, 1, 0, 0, 0, 0, 1, 0, 0, 38330997, 38335225, 4.228, 38344374, 38349831, 5.457, 38356021, 38360686, 4.665, 0, 0, 0, 0, 0, 0, 0, 0, 0, 20.633855, 2, 200103, Abnormal
1, 1, 1, 0, 0, 0, 0, 1, 0, 0, 38378668, 38382725, 4.057, 38390280, 38395088, 4.808, 38400277, 38403417, 3.14, 0, 0, 0, 0, 0, 0, 0, 0, 0, 17.200555, 0, 200103, Abnormal
1, 1, 1, 0, 0, 0, 0, 1, 0, 0, 37699442, 37703109, 3.667, 37714113, 37719217, 5.104, 37725286, 37730601, 5.315, 0, 0, 0, 0, 0, 0, 0, 0, 0, 2.8053837547, 5, 500101, Abnormal
1, 1, 1, 0, 0, 0, 0, 1, 0, 0, 37744165, 37748818, 4.653, 37759481, 37764511, 5.03, 37767929, 37773647, 5.718, 0, 0, 0, 0, 0, 0, 0, 0, 0, 0.347381482107, 6, 500101, Abnormal
1, 1, 1, 0, 0, 0, 0, 1, 0, 0, 37791256, 37796238, 4.982, 37803590, 37809340, 5.75, 37811964, 37814244, 2.28, 0, 0, 0, 0, 0, 0, 0, 0, 0, 0.599886929875, 7, 500101, Abnormal
1, 1, 1, 0, 0, 0, 0, 1, 0, 0, 37831076, 37836293, 5.217, 37846578, 37852636, 6.058, 37858801, 37861587, 2.786, 0, 0, 0, 0, 0, 0, 0, 0, 0, 0.766664374577, 5, 500101, Abnormal
1, 1, 1, 0, 0, 0, 0, 1, 0, 0, 37878953, 37882112, 3.159, 37894315, 37898128, 3.813, 37902315, 37908218, 5.903, 0, 0, 0, 0, 0, 0, 0, 0, 0, 1.62824049204, 8, 500101, Abnormal
1, 1, 1, 0, 0, 0, 0, 1, 0, 0, 37926387, 37929860, 3.473, 37940164, 37945913, 5.749, 37949092, 37952718, 3.626, 0, 0, 0, 0, 0, 0, 0, 0, 0, 1.58150435228, 6, 500101, Abnormal
1, 1, 1, 0, 0, 0, 0, 1, 0, 0, 37971296, 37974039, 2.743, 37984120, 37987662, 3.542, 37993385, 37996211, 2.826, 0, 0, 0, 0, 0, 0, 0, 0, 0, 0.455622350639, 10, 500101, Abnormal
1, 1, 1, 0, 0, 0, 0, 1, 0, 0, 38009611, 38012020, 2.409, 38020090, 38024503, 4.413, 38028762, 38031392, 2.63, 0, 0, 0, 0, 0, 0, 0, 0, 0, 2.25087780525, 8, 500101, Abnormal
1, 1, 1, 0, 0, 0, 0, 1, 0, 0, 38047365, 38052815, 5.45, 38064340, 38069359, 5.019, 38073636, 38078805, 5.169, 0, 0, 0, 0, 0, 0, 0, 0, 0, 2.10929708266, 7, 500101, Abnormal
1, 1, 1, 0, 0, 0, 0, 1, 0, 0, 38095635, 38099668, 4.033, 38110049, 38116803, 6.754, 38121577, 38127135, 5.558, 0, 0, 0, 0, 0, 0, 0, 0, 0, 0.719889176586, 9, 500101, Abnormal
1, 1, 1, 0, 0, 0, 0, 1, 0, 0, 38137765, 38141641, 3.876, 38149936, 38156382, 6.446, 38159405, 38162436, 3.031, 0, 0, 0, 0, 0, 0, 0, 0, 0, 1.11489934313, 7, 500101, Abnormal
1, 1, 1, 0, 0, 0, 0, 1, 0, 0, 38176372, 38182047, 5.675, 38192966, 38197024, 4.058, 38200699, 38206057, 5.358, 0, 0, 0, 0, 0, 0, 0, 0, 0, 0.715836744372, 10, 500101, Abnormal
1, 1, 1, 0, 0, 0, 0, 1, 0, 0, 38221178, 38224160, 2.982, 38234797, 38240800, 6.003, 38243386, 38247811, 4.425, 0, 0, 0, 0, 0, 0, 0, 0, 0, 2.51431859534, 6, 500101, Abnormal
1, 1, 1, 0, 0, 0, 0, 1, 0, 0, 38268236, 38270772, 2.536, 38278043, 38283100, 5.057, 38287724, 38290612, 2.888, 0, 0, 0, 0, 0, 0, 0, 0, 0, 1.63850495133, 6, 500101, Abnormal
1, 1, 1, 0, 0, 0, 0, 1, 0, 0, 38308267, 38311608, 3.341, 38322326, 38326618, 4.292, 38332385, 38336632, 4.247, 0, 0, 0, 0, 0, 0, 0, 0, 0, 1.84843609898, 9, 500101, Abnormal
1, 1, 1, 0, 0, 0, 0, 1, 0, 0, 38355748, 38360508, 4.76, 38367010, 38371046, 4.036, 38375898, 38378473, 2.575, 0, 0, 0, 0, 0, 0, 0, 0, 0, 2.7679038264, 10, 500101, Abnormal
1, 1, 1, 0, 0, 0, 0, 1, 0, 0, 38394639, 38397537, 2.898, 38409013, 38413399, 4.386, 38415965, 38419066, 3.101, 0, 0, 0, 0, 0, 0, 0, 0, 0, 1.90841714436, 6, 500101, Abnormal
1, 1, 1, 0, 0, 0, 0, 1, 0, 0, 38435923, 38440276, 4.353, 38450521, 38455305, 4.784, 38461021, 38464513, 3.492, 0, 0, 0, 0, 0, 0, 0, 0, 0, 2.12645796031, 10, 500101, Abnormal
1, 1, 1, 0, 0, 0, 0, 1, 0, 0, 38481073, 38485531, 4.458, 38497627, 38503433, 5.806, 38508170, 38511501, 3.331, 0, 0, 0, 0, 0, 0, 0, 0, 0, 0.77668670553, 9, 500101, Abnormal
1, 1, 1, 0, 0, 0, 0, 1, 0, 0, 38527684, 38531250, 3.566, 38538650, 38542319, 3.669, 38547670, 38553484, 5.814, 0, 0, 0, 0, 0, 0, 0, 0, 0, 2.12583950749, 10, 500101, Abnormal
1, 1, 1, 0, 0, 0, 0, 1, 0, 0, 38570768, 38576071, 5.303, 38586408, 38591180, 4.772, 38594571, 38596908, 2.337, 0, 0, 0, 0, 0, 0, 0, 0, 0, 2.79925290511, 6, 500101, Abnormal
1, 1, 1, 0, 0, 0, 0, 1, 0, 0, 38609003, 38612058, 3.055, 38620818, 38627961, 7.143, 38631877, 38637282, 5.405, 0, 0, 0, 0, 0, 0, 0, 0, 0, 0.634888378242, 6, 500101, Abnormal
1, 1, 1, 0, 0, 0, 0, 1, 0, 0, 38656780, 38661276, 4.496, 38671910, 38677217, 5.307, 38681223, 38684672, 3.449, 0, 0, 0, 0, 0, 0, 0, 0, 0, 2.9674623286, 8, 500101, Abnormal
1, 1, 1, 0, 0, 0, 0, 1, 0, 0, 38702263, 38705666, 3.403, 38715266, 38718462, 3.196, 38721827, 38726163, 4.336, 0, 0, 0, 0, 0, 0, 0, 0, 0, 0.807073525648, 8, 500101, Abnormal
1, 1, 1, 0, 0, 0, 0, 1, 0, 0, 38740072, 38745486, 5.414, 38755317, 38759677, 4.36, 38762219, 38767295, 5.076, 0, 0, 0, 0, 0, 0, 0, 0, 0, 0.651739911875, 10, 500101, Abnormal
