Shoulder Radio,Shoulder Radio Start,Shoulder Radio End,Shoulder Radio Delta,Flashlight,Flashlight Start,Flashlight End,Flashlight Delta,Whistle,Whistle Start,Whistle End,Whistle Delta,Take BP,Take BP Start,Take BP End,Take BP Delta,Location Sent,Vitals Sent,Distance Magnitude,Walking,App Usage Count,User,Anomaly
1,37402751,  37412497,9.746,1,37424317,  37439705,15.388,1,37438697,  37445353,6.656,0,0,0,0,0,0,0.0054495443263,0,0,    100101,Normal
1,37457685,  37464859,7.174,1,37470525,  37480264,9.739,1,37480290,  37485414,5.124,0,0,0,0,0,0,2.80496748264,0,0,    100101,Normal
1,37498778,  37506447,7.669,1,37507489, 37512226,4.737,1,37512228,  37517234,5.006,0,0,0,0,1,0,1.13209690744,0,1,    100101,Normal
1,37524954,  37534174,9.22,1,37535222,  37548058,12.836,1,37548567,  37552664,4.097,0,0,0,0,0,0,2.17433514803,0,0,    100101,Normal
1,37560900,  37569099,8.199,1,37569633,  37578340,8.707,1,37578863,  37584489,5.626,0,0,0,0,0,0,0.720798300623,0,0,    100101,Normal
1,37598880,  37610688,11.808,1,37611716,  37617865,6.149,1,37617874,  37621976,4.102,0,0,0,0,0,0,2.45992461573,0,0,    100101,Normal
1,37627637,  37634292,6.655,1,37636374,  37643541,7.167,1,37643560,  37648670,5.11,0,0,0,0,0,0,2.00394503246,0,0,    100101,Normal
1,37654334,  37662019,7.685,1,37662553,  37670240,7.687,1,37669229,  37673314,4.085,0,0,0,0,0,0,2.12527506738,0,0,    100101,Normal
1,37682570, 37689686,7.116,1,37689688,  37696423,6.735,1,37695410,  37699506,4.096,0,0,0,0,1,0,1.90002536511,0,1,    100101,Normal
1,37705679,  37711312,5.633,1,37712353,  37719012,6.659,1,37717996,  37723130,5.134,0,0,0,0,0,0,2.77439509913,0,0,    100101,Normal
1,37738532,  37747760,9.228,1,37756515,  37759568,3.053,1,37770257,  37777547,7.29,0,0,0,0,1,0,2.62227050235,0,1,    100101,Normal
1,37789369,  37798601,9.232,1,37799014,  37803213,4.199,1,37804260,  37809895,5.635,0,0,0,0,1,0,0.612206421193,0,1,    100101,Normal
1,37814522,  37820664,6.142,1,37820984,  37827349,6.365,1,37827361,  37831452,4.091,0,0,0,0,1,0,2.63838479477,0,1,    100101,Normal
1,37842247,  37848388,6.141,1,37850253,  37854563,4.31,1,37856123,  37859693,3.57,0,0,0,0,1,0,0.242910305879,0,1,    100101,Normal
1,37873582,  37884340,10.758,1,37884728,  37889477,4.749,1,37889483,  37892570,3.087,0,0,0,0,1,0,2.32670442114,0,1,    100101,Normal
1,37898722,  37907438,8.716,1,37908001,  37913600,5.599,0,0,0,0,0,0,0,0,1,0,1.20691069188,0,1,    100101,Normal
1,37932093,  37940293,8.2,1,37940635,  37945439,4.804,0,0,0,0,0,0,0,0,1,0,2.98488986583,0,1,    100101,Normal
1,37958289,  37966512,8.223,1,37968315,  37970592,2.277,0,0,0,0,0,0,0,0,1,0,1.95388451728,0,1,    100101,Normal
1,37983443,  37989581,6.138,1,37990631,  37999346,8.715,1,38002435,  38007553,5.118,0,0,0,0,0,0,1.99958484753,0,0,    100101,Normal
1,39134673,  39140425,5.752,1,39147348,  39151425,4.077,1,39151428,  39157190,5.762,0,0,0,0,0,0,1.54046007441,0,0,    100101,Normal
1,39164523,  39169753,5.23,1,39172184,  39175520,3.336,1,39174484,  39178649,4.165,0,0,0,0,1,0,1.3631334539,0,1,    100101,Normal
1,39185478,  39189644,4.166,1,39191779,  39196446,4.667,1,39196470,  39204879,8.409,0,0,0,0,0,0,0.0898100316657,0,0,    100101,Normal
1,39213757,  39218446,4.689,1,39221604,  39226336,4.732,1,39227377,  39232592,5.215,0,0,0,0,0,0,2.56544748258,0,0,    100101,Normal
1,39241524,  39246750,5.226,1,39248327,  39254594,6.267,1,39254597,  39260352,5.755,0,0,0,0,0,0,0.710062389205,0,0,    100101,Normal
1,39265608,  39273449,7.841,1,39276636,  39281303,4.667,1,39282362,  39285487,3.125,0,0,0,0,0,0,1.83942089271,0,0,    100101,Normal
1,39291837,  39300678,8.841,1,39302265,  39310637,8.372,1,39311175,  39316896,5.721,0,0,0,0,0,0,1.11521898741,0,0,    100101,Normal
1,39320583,  39325293,4.71,1,39326727,  39333679,6.952,1,39332645,  39335757,3.112,0,0,0,0,1,0,1.3840598986,0,1,    100101,Normal
1,39347310,  39353579,6.269,1,39355554,  39361953,6.399,1,39363005,  39369282,6.277,0,0,0,0,1,0,2.31824957046,0,1,    100101,Normal
1,39377149,  39382376,5.227,1,39387114,  39396518,9.404,1,39400214,  39403849,3.635,0,0,0,0,0,0,0.0831242753201,0,0,    100101,Normal
1,39410688,  39416946,6.258,1,39420622,  39429571,8.949,1,39428483,  39432700,4.217,0,0,0,0,0,0,1.59682908329,0,0,    100101,Normal
1,39496046,  39502310,6.264,1,39505482,  39510757,5.275,1,39510759,  39514868,4.109,0,0,0,0,0,0,1.98598101385,0,0,    100101,Normal
1,39599749,  39604425,4.676,0,0,0,0,0,0,0,0,1,39687369,  39690329,2.96,0,1,0.781634343362,0,1,    100101,Normal
1,37404264,  37411922,7.658,1,37410903,  37429337,18.434,1,37437536,  37445206,7.67,0,0,0,0,0,0,0.684582459407,0,0,    100102,Normal
1,37458523,  37465680,7.157,1,37468772,  37478489,9.717,1,37479519,  37484630,5.111,0,0,0,0,0,0,1.86303247987,0,0,    100102,Normal
1,37498485,  37506638,8.153,1,37506150,  37511263,5.113,1,37513325,  37518951,5.626,0,0,0,0,0,0,0.968131390841,0,0,    100102,Normal
1,37525594,  37533780,8.186,1,37535342,  37540929,5.587,1,37548139,  37552772,4.633,0,0,0,0,0,0,0.0960271344233,0,0,    100102,Normal
1,37560427,  37567057,6.63,1,37566061,  37574737,8.676,1,37578334,  37582421,4.087,0,0,0,0,0,0,1.43339097684,0,0,    100102,Normal
1,37601888,  37611604,9.716,1,37610590,  37617244,6.654,1,37618318,  37621847,3.529,0,0,0,0,0,0,2.5005626573,0,0,    100102,Normal
1,37627594,  37633619,6.025,1,37637223,  37641806,4.583,1,37641834,  37646429,4.595,0,0,0,0,0,0,1.96971501204,0,0,    100102,Normal
1,37655152,  37660750,5.598,1,37661279,  37666403,5.124,1,37668452,  37673048,4.596,0,0,0,0,0,0,1.39677282717,0,0,    100102,Normal
1,37681251,  37687907,6.656,1,37690464,  37695592,5.128,1,37694577,  37699683,5.106,0,0,0,0,0,0,1.28402204015,0,0,    100102,Normal
1,37704823,  37710418,5.595,1,37713500,  37718164,4.664,1,37717093,  37723220,6.127,0,0,0,0,0,0,0.6719786141,0,0,    100102,Normal
1,37739623,  37747310,7.687,1,37748325,  37755557,7.232,1,37759587,  37764208,4.621,1,37781618,  37783129,1.511,0,0,0.440176979251,0,0,    100102,Normal
1,37788789,  37798507,9.718,1,37797476,  37802584,5.108,1,37804665,  37808746,4.081,0,0,0,0,0,0,2.37114944468,0,0,    100102,Normal
1,37813367,  37820505,7.138,1,37820538,  37830243,9.705,1,37830245,  37833299,3.054,0,0,0,0,0,0,0.211261600222,0,0,    100102,Normal
1,37842536,  37847663,5.127,1,37847146,  37854301,7.155,1,37855406,  37859417,4.011,0,0,0,0,0,0,1.73388664094,0,0,    100102,Normal
1,37873796,  37884016,10.22,1,37882995,  37891173,8.178,1,37890147,  37893720,3.573,0,0,0,0,0,0,0.35577581605,0,0,    100102,Normal
1,37897329,  37905499,8.17,1,37905017,  37911663,6.646,1,37912703,  37917277,4.574,0,0,0,0,0,0,0.0560749351828,0,0,    100102,Normal
1,37934706,  37938290,3.584,1,37940414,  37944413,3.999,1,37944444,  37948003,3.559,0,0,0,0,0,0,2.7589018077,0,0,    100102,Normal
1,37959281,  37965931,6.65,1,37964918,  37967470,2.552,1,37967975,  37973089,5.114,0,0,0,0,0,0,0.539550601695,0,0,    100102,Normal
1,37983861,  37987421,3.56,1,38009966,  38012021,2.055,1,37998205,  38003305,5.1,0,0,0,0,0,0,1.57957150791,0,0,    100102,Normal
0,0,0,0,0,0,0,0,0,0,0,0,1,38036591,  38038133,1.542,0,0,2.47265436104,0,0,    100102,Normal
1,40087071,  40093704,6.633,1,40096750,  40100835,4.085,1,40100842,  40103879,3.037,0,0,0,0,0,0,2.75353378536,0,0,    100102,Normal
1,40111001,  40119595,8.594,1,40120214,  40125627,5.413,1,40124345,  40127303,2.958,0,0,0,0,1,0,2.70040958075,0,1,    100102,Normal
1,40159038,  40168101,9.063,1,40170171,  40175789,5.618,1,40175233,  40178299,3.066,0,0,0,0,0,0,2.60379353559,0,0,    100102,Normal
1,40183626,  40189702,6.076,1,40189706,  40192733,3.027,1,40193499,  40196929,3.43,0,0,0,0,1,0,2.66044006073,0,1,    100102,Normal
1,40202291,  40208254,5.963,1,40216609,  40219168,2.559,0,0,0,0,1,40219605,  40245983,26.378,0,0,1.62634977315,0,0,    100102,Normal
1,37427315,  37433579,6.264,1,37448607,  37453504,4.897,1,37453510,  37459537,6.027,0,0,0,0,0,0,2.42349010531,0,0,    100103,Normal
0,0,0,0,1,37489570,  37493672,4.102,1,37493156,  37498459,5.303,0,0,0,0,0,0,1.17980324226,0,0,    100103,Normal
1,37509324,  37513348,4.024,1,37514383,  37517605,3.222,1,37518630,  37522427,3.797,0,0,0,0,0,0,1.54628527145,0,0,    100103,Normal
1,37530813,  37534476,3.663,1,37535538,  37542337,6.799,1,37546519,  37550660,4.141,0,0,0,0,0,0,2.84185688689,0,0,    100103,Normal
1,37560048,  37560617,0.569,1,37561669,  37566385,4.716,1,37567415,  37570535,3.12,0,0,0,0,1,0,2.8383552947,0,1,    100103,Normal
1,37583185, 37585226,2.041,1,37585228,  37590422,5.194,0,0,0,0,0,0,0,0,1,0,0.919742439264,0,2,    100103,Normal
1,37601927, 37605447,3.52,1,37605449,  37608702,3.253,1,37607679,  37610284,2.605,0,0,0,0,1,0,0.437719652701,0,1,    100103,Normal
1,37619700, 37624174,4.474,1,37624176,  37628564,4.388,1,37627523,  37632231,4.708,0,0,0,0,1,0,2.22191767882,0,1,    100103,Normal
1,37640609, 37643826,3.217,1,37643828,  37648434,4.606,1,37647405,  37651584,4.179,0,0,0,0,1,0,2.41724968312,0,1,    100103,Normal
1,37663615, 37666956,3.341,1,37666958,  37670401,3.443,1,37669382,  37673536,4.154,0,0,0,0,1,0,0.254673266833,0,1,    100103,Normal
1,37686087,  37689738,3.651,1,37690279,  37693935,3.656,1,37692906,  37696008,3.102,0,0,0,0,0,0,2.59747530802,0,0,    100103,Normal
1,37702827,  37706465,3.638,1,37706518,  37709599,3.081,1,37709609,  37712739,3.13,0,0,0,0,1,0,0.506208031174,0,1,    100103,Normal
1,37720583, 37724085,3.502,1,37724087,  37726875,2.788,1,37726881,  37729975,3.094,0,0,0,0,1,0,1.46756942013,0,1,    100103,Normal
1,37738364,  37742051,3.687,1,37742545,  37746733,4.188,1,37745703,  37749335,3.632,0,0,0,0,0,0,2.22018298547,0,0,    100103,Normal
1,37758227,  37761891,3.664,1,37762667,  37766578,3.911,1,37765562,  37769723,4.161,0,0,0,0,1,0,1.22953149715,0,1,    100103,Normal
1,37776542, 37780629,4.087,1,37780631,  37785442,4.811,1,37784380,  37788035,3.655,0,0,0,0,1,0,0.945920049179,0,1,    100103,Normal
1,37797451,  37800593,3.142,1,37801118,  37805263,4.145,1,37804260,  37807360,3.1,0,0,0,0,0,0,2.62166663902,0,0,    100103,Normal
1,37818349, 37822376,4.027,1,37822378,  37826707,4.329,1,37825679,  37830365,4.686,0,0,0,0,1,0,1.88577563841,0,1,    100103,Normal
1,37839264,  37843444,4.18,1,37843488,  37847632,4.144,1,37846608,  37850769,4.161,0,0,0,0,1,0,0.941011051048,0,1,    100103,Normal
0,0,0,0,0,0,0,0,1,37871146,  37873739,2.593,1,37903573,  37940670,37.097,0,0,2.5398941726,0,0,    100103,Normal
1,39311292,  39314340,3.048,1,39315158,  39318967,3.809,1,39318974,  39322037,3.063,0,0,0,0,1,0,0.18778109465,0,1,    100103,Normal
1,39330241,  39333800,3.559,1,39335366,  39338926,3.56,1,39337911,  39340963,3.052,0,0,0,0,0,0,0.217580000272,0,0,    100103,Normal
1,39347650,  39351719,4.069,1,39352253,  39356850,4.597,1,39356372,  39358375,2.003,0,0,0,0,0,0,1.93920019498,0,0,    100103,Normal
1,39436733, 39439044,2.311,1,39439046,  39446484,7.438,0,0,0,0,0,0,0,0,1,0,1.45574573917,0,1,    100103,Normal
1,39573864,  39574548,0.684,1,39574553,  39578040,3.487,1,39577643,  39580645,3.002,0,0,0,0,1,0,0.103605323156,0,1,    100103,Normal
1,39592385, 39595356,2.971,1,39595358,  39600073,4.715,1,39599044,  39602660,3.616,0,0,0,0,1,0,0.692899642744,0,1,    100103,Normal
1,39616996,  39617968,0.972,1,39618498,  39622095,3.597,1,39621058,  39623118,2.06,0,0,0,0,1,0,2.501712253,0,1,    100103,Normal
1,39634874,  39635387,0.513,1,39635915,  39639467,3.552,1,39639488,  39642050,2.562,0,0,0,0,1,0,2.58407746331,0,1,    100103,Normal
1,39685567, 39688530,2.963,1,39688532,  39693758,5.226,1,39692738,  39695804,3.066,0,0,0,0,1,0,2.88592547853,0,1,    100103,Normal
1,39715275,  39719350,4.075,0,0,0,0,0,0,0,0,1,39795908,  39797190,1.282,0,1,2.80096203537,0,1,    100103,Normal
1,37428372,  37434633,6.261,1,37445640,  37453517,7.877,1,37453520,  37459259,5.739,0,0,0,0,0,0,2.5054242373,0,0,    100104,Normal
1,37475489,  37481782,6.293,1,37482321,  37492241,9.92,1,37492272,  37498516,6.244,0,0,0,0,0,0,1.12289939086,0,0,    100104,Normal
1,37508490,  37513748,5.258,1,37514263,  37519483,5.22,1,37518441,  37522103,3.662,0,0,0,0,0,0,2.23597820402,0,0,    100104,Normal
1,37529974,  37534673,4.699,1,37535797,  37545214,9.417,1,37544640,  37547764,3.124,0,0,0,0,0,0,2.55540078528,0,0,    100104,Normal
1,37556691,  37560344,3.653,1,37561392,  37566622,5.23,1,37566626,  37570270,3.644,0,0,0,0,0,0,1.923974988,0,0,    100104,Normal
1,37581296,  37585477,4.181,1,37585479,  37590703,5.224,1,37589682,  37594908,5.226,0,0,0,0,0,0,2.56414247844,0,0,    100104,Normal
1,37602242,  37605384,3.142,1,37605386,  37610675,5.289,1,37609575,  37613804,4.229,0,0,0,0,0,0,2.05401692771,0,0,    100104,Normal
1,37619537,  37624737,5.2,1,37624243,  37628960,4.717,1,37627909,  37632079,4.17,0,0,0,0,0,0,1.05985670333,0,0,    100104,Normal
1,37640469,  37644114,3.645,1,37643097,  37648309,5.212,1,37647288,  37651467,4.179,0,0,0,0,0,0,2.5059636546,0,0,    100104,Normal
1,37663514,  37667159,3.645,1,37667168,  37671881,4.713,1,37670860,  37674495,3.635,0,0,0,0,0,0,2.86140922565,0,0,    100104,Normal
1,37686044,  37689702,3.658,1,37690746,  37694401,3.655,1,37693878,  37697023,3.145,0,0,0,0,0,0,1.37529038189,0,0,    100104,Normal
1,37702800,  37706438,3.638,1,37706468,  37710628,4.16,1,37710661,  37713246,2.585,0,0,0,0,0,0,0.945974832149,0,0,    100104,Normal
1,37720601,  37724263,3.662,1,37724266,  37728446,4.18,1,37727422,  37730540,3.118,0,0,0,0,0,0,0.240643782458,0,0,    100104,Normal
1,37738393,  37742049,3.656,1,37742606,  37746787,4.181,1,37745723,  37749385,3.662,0,0,0,0,0,0,2.20272282678,0,0,    100104,Normal
1,37758301,  37761964,3.663,1,37762495,  37766727,4.232,1,37765653,  37769290,3.637,0,0,0,0,0,0,2.63449077569,0,0,    100104,Normal
1,37776621,  37780282,3.661,1,37780288,  37785542,5.254,1,37784490,  37788148,3.658,0,0,0,0,0,0,1.01791826477,0,0,    100104,Normal
1,37797588,  37800717,3.129,1,37801264,  37805428,4.164,1,37804381,  37807536,3.155,0,0,0,0,0,0,2.38471645869,0,0,    100104,Normal
1,37818014,  37822694,4.68,1,37822764,  37826357,3.593,1,37825350,  37830568,5.218,0,0,0,0,0,0,0.357260849545,0,0,    100104,Normal
1,37839473,  37843646,4.173,1,37843657,  37847327,3.67,1,37846280,  37850447,4.167,0,0,0,0,0,0,1.67351085733,0,0,    100104,Normal
0,0,0,0,0,0,0,0,1,37870904,  37875074,4.17,1,37903375,  37940547,37.172,0,0,0.472125871634,0,0,    100104,Normal
1,39310566,  39314659,4.093,1,39315719,  39319284,3.565,1,39319292,  39322890,3.598,0,0,0,0,0,0,0.191811019308,0,0,    100104,Normal
1,39331618,  39334690,3.072,1,39335217,  39339322,4.105,1,39338291,  39341351,3.06,0,0,0,0,0,0,2.22959539591,0,0,    100104,Normal
1,39347546,  39351640,4.094,1,39352667,  39356775,4.108,1,39355747,  39358806,3.059,0,0,0,0,0,0,2.85231309729,0,0,    100104,Normal
1,39439235,  39439946,0.711,1,39439954,  39444568,4.614,1,39443545,  39446598,3.053,0,0,0,0,1,0,2.42254198495,0,1,    100104,Normal
0,0,0,0,1,38615906,  38620060,4.154,1,38608070,  38612700,4.63,0,0,0,0,0,0,0.961650681873,0,0,    100105,Normal
0,0,0,0,0,0,0,0,1,38765895,  38767971,2.076,1,38789429,  38820251,30.822,0,0,0.815223887197,0,0,    100105,Normal
0,0,0,0,1,40077737,  40082931,5.194,1,40070438,  40075579,5.141,0,0,0,0,0,0,0.542645788359,0,0,    100105,Normal
0,0,0,0,1,40116920,  40122638,5.718,1,40113760,  40117947,4.187,0,0,0,0,0,0,1.36025107249,0,0,    100105,Normal
0,0,0,0,1,40226169,  40230852,4.683,1,40221463,  40227210,5.747,0,0,0,0,0,0,0.374588779137,0,0,    100105,Normal
0,0,0,0,0,0,0,0,0,0,0,0,1,40286278,  40300380,14.102,0,0,1.25182641705,0,0,    100105,Normal
0,0,0,0,1,38614850,  38625299,10.449,1,38610137,  38613258,3.121,0,0,0,0,0,0,1.92680376449,0,0,    100106,Normal
0,0,0,0,0,0,0,0,1,38737907,  38741571,3.664,0,0,0,0,0,0,1.71144837276,0,0,    100106,Normal
0,0,0,0,1,40082729,  40086884,4.155,1,40071200,  40074862,3.662,0,0,0,0,0,0,2.465185933,0,0,    100106,Normal
0,0,0,0,1,40118337, 40122521,4.184,1,40111548,  40117281,5.733,0,0,0,0,1,0,1.86004554722,0,1,    100106,Normal
0,0,0,0,1,40225230,  40229876,4.646,1,40220988,  40226215,5.227,0,0,0,0,0,0,1.83946659088,0,0,    100106,Normal
0,0,0,0,1,40280700,  40283303,2.603,0,0,0,0,0,0,0,0,0,0,0.888784042394,0,0,    100106,Normal
1,38518068,  38522695,4.627,1,38524766,  38530420,5.654,1,38530915,  38535520,4.605,0,0,0,0,0,0,1.44952027333,0,0,    100107,Normal
1,38549376, 38553337,3.961,1,38553339,  38559647,6.308,1,38558650,  38564263,5.613,0,0,0,0,1,0,0.943868499692,0,1,    100107,Normal
1,38573532,  38579161,5.629,1,38580703,  38586435,5.732,1,38586441,  38591974,5.533,0,0,0,0,0,0,1.97779655641,0,0,    100107,Normal
1,38597645,  38602271,4.626,1,38609462,  38615085,5.623,1,38614081,  38620223,6.142,0,0,0,0,0,0,1.13438447539,0,0,    100107,Normal
1,38629504,  38633578,4.074,1,38637700,  38642306,4.606,1,38642332,  38647437,5.105,0,0,0,0,0,0,1.54151838507,0,0,    100107,Normal
1,38655683,  38659261,3.578,1,38662371,  38668495,6.124,1,38668520,  38672591,4.071,0,0,0,0,0,0,0.462101207991,0,0,    100107,Normal
1,38675693,  38680301,4.608,1,38682899,  38691604,8.705,0,0,0,0,0,0,0,0,0,0,2.24937246936,0,0,    100107,Normal
1,38703411,  38710585,7.174,1,38713707,  38719330,5.623,1,38718310,  38722402,4.092,0,0,0,0,0,0,2.10729025027,0,0,    100107,Normal
1,38728578, 38735289,6.711,1,38735291,  38742420,7.129,1,38743480,  38746541,3.061,0,0,0,0,1,0,1.29675067948,0,1,    100107,Normal
1,38751696,  38756300,4.604,1,38757311,  38765554,8.243,1,38765563,  38772208,6.645,0,0,0,0,0,0,0.74081918447,0,0,    100107,Normal
1,38784823,  38785558,0.735,1,38785564,  38795306,9.742,1,38794316,  38798387,4.071,0,0,0,0,1,0,0.340162810658,0,1,    100107,Normal
1,38802503,  38807624,5.121,1,38808682,  38815323,6.641,1,38816385,  38820452,4.067,0,0,0,0,0,0,2.61569238069,0,0,    100107,Normal
1,38825620, 38829601,3.981,1,38829603,  38842526,12.923,1,38841544,  38844605,3.061,0,0,0,0,1,0,2.03957319488,0,1,    100107,Normal
1,38906747, 38910972,4.225,1,38910974,  38916472,5.498,1,38915472,  38918546,3.074,0,0,0,0,1,0,1.77010084031,0,1,    100107,Normal
1,38927277,  38931379,4.102,1,38931824,  38937535,5.711,0,0,0,0,0,0,0,0,1,0,1.7790625721,0,1,    100107,Normal
1,40541803,  40543231,1.428,1,40543234,  40546882,3.648,1,40545855,  40548986,3.131,1,38983243,  39023273,40.03,1,0,2.18362321566,0,1,    100107,Normal
1,40555682,  40558398,2.716,1,40557387,  40562146,4.759,0,0,0,0,0,0,0,0,1,0,1.97088850854,0,1,    100107,Normal
1,40569412,  40570977,1.565,1,40569950,  40576230,6.28,0,0,0,0,0,0,0,0,1,0,1.48704605025,0,1,    100107,Normal
1,40582263,  40583017,0.754,1,40582009,  40586710,4.701,1,40585667,  40588777,3.11,0,0,0,0,1,0,1.71212168383,0,1,    100107,Normal
1,40593299,  40595061,1.762,1,40595090,  40600306,5.216,1,40599269,  40602408,3.139,0,0,0,0,1,0,2.02113399717,0,1,    100107,Normal
1,40608682,  40611835,3.153,1,40610806,  40618632,7.826,1,40618662,  40621298,2.636,0,0,0,0,1,0,1.71676306418,0,1,    100107,Normal
1,40627953,  40629640,1.687,1,40629643,  40633885,4.242,1,40632793,  40635392,2.599,0,0,0,0,1,0,0.296916719046,0,1,    100107,Normal
1,40640885,  40641733,0.848,1,40641738,  40649026,7.288,1,40647996,  40651622,3.626,0,0,0,0,1,0,0.569310746577,0,1,    100107,Normal
1,40661027,  40663157,2.13,1,40662127,  40666310,4.183,1,40665275,  40668904,3.629,0,0,0,0,1,0,1.8786567022,0,1,    100107,Normal
1,40672361,  40674159,1.798,1,40673131,  40676772,3.641,1,40675746,  40679379,3.633,0,0,0,0,1,0,2.27054337433,0,1,    100107,Normal
1,40684680,  40686724,2.044,1,40685685,  40689334,3.649,1,40688294,  40691445,3.151,0,0,0,0,1,0,1.85461914325,0,1,    100107,Normal
1,40695774,  40697733,1.959,1,40696690,  40701899,5.209,1,40700872,  40704006,3.134,0,0,0,0,1,0,0.258942059208,0,1,    100107,Normal
1,40747983,  40748529,0.546,1,40747480,  40752175,4.695,1,40751144,  40755310,4.166,0,0,0,0,1,0,1.78966751601,0,1,    100107,Normal
1,40762719,  40764735,2.016,1,40763727,  40768420,4.693,1,40767393,  40770535,3.142,0,0,0,0,1,0,0.626256114731,0,1,    100107,Normal
1,40778605,  40780534,1.929,1,40779455,  40783653,4.198,1,40782580,  40785168,2.588,0,0,0,0,1,0,0.178588941577,0,1,    100107,Normal
1,40794611,  40795647,1.036,1,40794636,  40799851,5.215,1,40798807,  40803001,4.194,0,0,0,0,1,0,1.72613745205,0,1,    100107,Normal
1,40807503,  40809264,1.761,1,40808252,  40813488,5.236,1,40812454,  40815556,3.102,0,0,0,0,1,0,1.27278287918,0,1,    100107,Normal
1,40832336,  40836594,4.258,0,0,0,0,0,0,0,0,0,0,0,0,0,0,2.79883802837,0,0,    100107,Normal
1,38518071,  38522674,4.603,1,38524736,  38534443,9.707,0,0,0,0,0,0,0,0,0,0,1.77805880956,0,0,    100108,Normal
1,38545708,  38551322,5.614,1,38553407,  38564641,11.234,0,0,0,0,0,0,0,0,0,0,0.129737501977,0,0,    100108,Normal
0,0,0,0,1,38580539,  38586670,6.131,0,0,0,0,0,0,0,0,0,0,0.970856488218,0,0,    100108,Normal
1,38597439,  38602546,5.107,1,38609725,  38617394,7.669,0,0,0,0,0,0,0,0,0,0,1.43630355662,0,0,    100108,Normal
1,38628672,  38635352,6.68,1,38637387,  38644533,7.146,0,0,0,0,0,0,0,0,0,0,2.85946184463,0,0,    100108,Normal
1,38654284, 38660400,6.116,1,38660402,  38670642,10.24,0,0,0,0,0,0,0,0,1,0,1.06663474807,0,1,    100108,Normal
1,38675821,  38682410,6.589,1,38682954,  38691629,8.675,0,0,0,0,0,0,0,0,0,0,2.98299806383,0,0,    100108,Normal
1,38703959,  38710603,6.644,1,38713665,  38721325,7.66,0,0,0,0,0,0,0,0,0,0,1.86991714812,0,0,    100108,Normal
1,38726513,  38737723,11.21,1,38738374,  38746416,8.042,0,0,0,0,0,0,0,0,0,0,2.10033902079,0,0,    100108,Normal
1,38750532, 38758282,7.75,1,38758284,  38770487,12.203,0,0,0,0,0,0,0,0,1,0,1.92176969574,0,1,    100108,Normal
1,38787656,  38788415,0.759,1,38789441,  38795580,6.139,0,0,0,0,0,0,0,0,1,0,1.83029884629,0,1,    100108,Normal
1,38802254,  38807374,5.12,1,38810791,  38817614,6.823,0,0,0,0,0,0,0,0,1,0,2.20661372487,0,1,    100108,Normal
1,38825300,  38831413,6.113,1,38833491,  38842704,9.213,0,0,0,0,0,0,0,0,0,0,1.33442594383,0,0,    100108,Normal
1,38906788,  38912339,5.551,1,38913024,  38918486,5.462,0,0,0,0,0,0,0,0,1,0,1.13010910041,0,1,    100108,Normal
1,38927701,  38931271,3.57,1,38932250,  38937432,5.182,0,0,0,0,0,0,0,0,1,0,2.35880813839,0,1,    100108,Normal
1,40542413,  40543125,0.712,1,40543162,  40547762,4.6,1,38956376,  38961503,5.127,1,39022433,  39040344,17.911,1,0,1.84825760662,0,1,    100108,Normal
1,40553402, 40557025,3.623,1,40557027,  40562068,5.041,0,0,0,0,0,0,0,0,1,0,1.92638005327,0,1,    100108,Normal
1,40569999,  40571289,1.29,0,0,0,0,0,0,0,0,0,0,0,0,1,0,0.873524667728,0,1,    100108,Normal
1,40582435,  40583573,1.138,1,40583595,  40587721,4.126,0,0,0,0,0,0,0,0,1,0,1.85706085346,0,1,    100108,Normal
1,40591284, 40595163,3.879,1,40595165,  40599970,4.805,0,0,0,0,0,0,0,0,1,0,1.69110203871,0,1,    100108,Normal
1,40610512,  40611731,1.219,0,0,0,0,1,40616404,  40620975,4.571,0,0,0,0,1,0,1.66178226096,0,1,    100108,Normal
1,40627858,  40628651,0.793,0,0,0,0,0,0,0,0,0,0,0,0,1,0,2.52042654174,0,1,    100108,Normal
1,40637867, 40644366,6.499,0,0,0,0,0,0,0,0,0,0,0,0,1,0,2.06369951684,0,1,    100108,Normal
1,40661087,  40663956,2.869,1,40662958,  40666518,3.56,0,0,0,0,0,0,0,0,1,0,2.08324402774,0,1,    100108,Normal
1,40672290,  40674744,2.454,1,40673698,  40678299,4.601,0,0,0,0,0,0,0,0,1,0,0.452280560463,0,1,    100108,Normal
1,40684453,  40686507,2.054,1,40685487,  40690089,4.602,0,0,0,0,0,0,0,0,1,0,0.0037687781813,0,1,    100108,Normal
1,40695614,  40697766,2.152,1,40696756,  40702375,5.619,0,0,0,0,0,0,0,0,1,0,0.830508268215,0,1,    100108,Normal
1,40747149,  40749986,2.837,1,40748985,  40754587,5.602,0,0,0,0,0,0,0,0,1,0,0.0770181667021,0,1,    100108,Normal
1,40762270,  40768424,6.154,0,0,0,0,0,0,0,0,0,0,0,0,1,0,1.53119086647,0,1,    100108,Normal
1,40774588,  40783782,9.194,0,0,0,0,0,0,0,0,0,0,0,0,0,0,0.705263299018,0,0,    100108,Normal
1,40790468,  40795562,5.094,1,40794557,  40799659,5.102,0,0,0,0,0,0,0,0,0,0,2.92124291353,0,0,    100108,Normal
1,40804287,  40810417,6.13,1,40811552,  40813483,1.931,0,0,0,0,0,0,0,0,1,0,1.56688646975,0,1,    100108,Normal
1,40832995,  40836534,3.539,0,0,0,0,1,40840625,  40844722,4.097,0,0,0,0,1,0,2.48890037391,0,1,    100108,Normal
1,39136490,  39141599,5.109,1,39148451,  39152629,4.178,1,39152660,  39156820,4.16,0,0,0,0,0,0,0.551602254508,0,0,    100109,Normal
1,39165721, 39169952,4.231,1,39169954,  39173541,3.587,1,39172507,  39176165,3.658,0,0,0,0,1,0,0.502020669587,0,1,    100109,Normal
1,39186093,  39189248,3.155,1,39189881,  39195491,5.61,1,39196557,  39201238,4.681,0,0,0,0,1,0,1.82214960182,0,1,    100109,Normal
1,39212756,  39216412,3.656,1,39220093,  39225302,5.209,1,39224274,  39228444,4.17,0,0,0,0,0,0,0.948876569075,0,0,    100109,Normal
1,39241518,  39246212,4.694,1,39248308,  39254584,6.276,1,39254591,  39259294,4.703,0,0,0,0,0,0,1.11511762388,0,0,    100109,Normal
1,39267139,  39269745,2.606,1,39270282,  39273920,3.638,1,39275496,  39279691,4.195,0,0,0,0,0,0,1.43338644704,0,0,    100109,Normal
1,39297975,  39301112,3.137,1,39300103, 39303235,3.132,0,0,0,0,0,0,0,0,1,0,0.292489354725,0,1,    100109,Normal
1,39320461,  39323589,3.128,1,39327283,  39334561,7.278,1,39334058,  39336133,2.075,0,0,0,0,0,0,2.87833626315,0,0,    100109,Normal
1,39347650,  39352855,5.205,1,39355477,  39361733,6.256,1,39360712,  39364347,3.635,0,0,0,0,0,0,0.47380363994,0,0,    100109,Normal
1,39377443,  39382137,4.694,1,39385809,  39392563,6.754,1,39395732,  39400416,4.684,0,0,0,0,0,0,2.89296803336,0,0,    100109,Normal
1,39411408,  39416658,5.25,1,39419191,  39427648,8.457,1,39428356,  39432367,4.011,0,0,0,0,0,0,1.5573201297,0,0,    100109,Normal
1,39496635,  39501860,5.225,1,39503932,  39510715,6.783,1,39511799,  39515415,3.616,0,0,0,0,0,0,0.539396240694,0,0,    100109,Normal
1,39602217,  39606516,4.299,0,0,0,0,0,0,0,0,1,39624694,  39649247,24.553,0,0,2.99485866454,0,0,    100109,Normal
1,40638705,  40642819,4.114,1,40643880, 40647903,4.023,1,40641817,  40644893,3.076,0,0,0,0,1,0,1.7252743415,0,1,    100109,Normal
1,40656963,  40660059,3.096,1,40663216, 40668090,4.874,1,40660081,  40664271,4.19,0,0,0,0,1,0,1.65650334954,0,1,    100109,Normal
0,0,0,0,0,0,0,0,0,0,0,0,1,40675225,  40677307,2.082,0,0,2.45133204898,0,0,    100109,Normal
1,40681507,  40686211,4.704,1,40691439,  40693508,2.069,1,40685180,  40688294,3.114,0,0,0,0,1,0,1.80810270451,0,1,    100109,Normal
1,40702437,  40706057,3.62,1,40711233,  40712332,1.099,1,40705039,  40708687,3.648,0,0,0,0,1,0,0.00785830304761,0,1,    100109,Normal
1,40715993,  40719660,3.667,1,40725384,  40727503,2.119,1,40720191,  40722803,2.612,0,0,0,0,1,0,1.72192260266,0,1,    100109,Normal
1,40733784,  40737424,3.64,1,40740739,  40742150,1.411,1,40736384,  40738993,2.609,0,0,0,0,1,0,2.88200648033,0,1,    100109,Normal
1,40746327,  40749978,3.651,1,40755662,  40757289,1.627,1,40748931,  40753102,4.171,0,0,0,0,1,0,1.61539727855,0,1,    100109,Normal
1,40762533,  40766202,3.669,1,40767762, 40772721,4.959,1,40766207,  40768804,2.597,0,0,0,0,1,0,2.19110973743,0,1,    100109,Normal
1,40778213,  40780812,2.599,1,40787195,  40788136,0.941,1,40779786,  40783450,3.664,0,0,0,0,1,0,0.875473485092,0,1,    100109,Normal
1,40792325,  40795460,3.135,1,40801842,  40803839,1.997,1,40795488,  40798591,3.103,0,0,0,0,1,0,2.04963973609,0,1,    100109,Normal
1,40809591,  40813219,3.628,1,40819363,  40820040,0.677,1,40812192,  40815851,3.659,0,0,0,0,1,0,2.19299715135,0,1,    100109,Normal
1,40843046,  40846665,3.619,1,40853447,  40855029,1.582,1,40847213,  40850350,3.137,0,0,0,0,1,0,1.73704697964,0,1,    100109,Normal
1,40862377,  40866537,4.16,1,40872919,  40874391,1.472,1,40866569,  40870207,3.638,0,0,0,0,1,0,2.03210519873,0,1,    100109,Normal
1,40882251,  40886928,4.677,1,40893477,  40894265,0.788,1,40885895,  40889022,3.127,0,0,0,0,1,0,1.07404415136,0,1,    100109,Normal
1,40931225,  40933878,2.653,0,0,0,0,0,0,0,0,1,40937554,  40958616,21.062,0,0,0.83681673696,0,0,    100109,Normal
1,49987078,  49988536,1.458,1,49972670,  49980822,8.152,1,49988039,  49991810,3.771,0,0,0,0,1,0,26.6046,1,1,    999101,Normal
1,50019279,  50024936,5.657,1,50033624,  50040811,7.187,1,50049529,  50053589,4.06,0,0,0,0,1,0,47.6909,1,1,    999101,Normal
1,50071579,  50078864,7.285,1,50087061,  50092550,5.489,1,50097695,  50102016,4.321,0,0,0,0,1,0,42.30743,1,1,    999101,Normal
1,50118688,  50125868,7.18,1,50136863,  50143803,6.94,1,50151653,  50156818,5.165,0,0,0,0,1,0,53.0007,1,1,    999101,Normal
1,50203242,  50208362,5.12,1,50219644,  50226987,7.343,1,50229400,  50233470,4.07,0,0,0,0,1,0,42.01692,1,1,    999101,Normal
1,50246814,  50251398,4.584,1,50263721,  50269835,6.114,1,50272040,  50276596,4.556,0,0,0,0,1,0,41.39698,1,1,    999101,Normal
1,50292919,  50298548,5.629,1,50308825,  50313410,4.585,1,50315471,  50322128,6.657,0,0,0,0,1,0,40.60051,1,1,    999101,Normal
1,50348287,  50353377,5.09,1,50360571,  50365692,5.121,1,50367753,  50373886,6.133,0,0,0,0,1,0,35.58261,1,1,    999101,Normal
1,50405669,  50411264,5.595,1,50418489,  50424605,6.116,1,50429762,  50433843,4.081,0,0,0,0,1,0,39.16186,1,1,    999101,Normal
1,50445645,  50449724,4.079,1,50459483,  50464594,5.111,1,50468722,  50474834,6.112,0,0,0,0,1,0,40.57271,1,1,    999101,Normal
1,49988146,  49989481,1.335,1,49973299,  49981102,7.803,1,49988963,  49991560,2.597,0,0,0,0,1,0,25.38279,1,1,    999102,Normal
1,50018747,  50024507,5.76,1,50033929,  50040718,6.789,1,50049599,  50054810,5.211,0,0,0,0,1,0,50.12757,1,1,    999102,Normal
1,50071560,  50078377,6.817,1,50087258,  50093509,6.251,1,50097194,  50102398,5.204,0,0,0,0,1,0,42.86482,1,1,    999102,Normal
1,50119142,  50125387,6.245,1,50136409,  50145761,9.352,1,50150513,  50157279,6.766,0,0,0,0,1,0,53.01043,1,1,    999102,Normal
1,50201745,  50207487,5.742,1,50219530,  50226292,6.762,1,50228410,  50233612,5.202,0,0,0,0,1,0,44.29513,1,1,    999102,Normal
1,50246708,  50251908,5.2,1,50262370,  50269698,7.328,1,50271800,  50277547,5.747,0,0,0,0,1,0,42.86621,1,1,    999102,Normal
1,50292713,  50298452,5.739,1,50306824,  50312583,5.759,1,50315704,  50320405,4.701,0,0,0,0,1,0,38.49188,1,1,    999102,Normal
1,50347605,  50352306,4.701,1,50360693,  50364843,4.15,1,50366437,  50372799,6.362,0,0,0,0,1,0,35.01966,1,1,    999102,Normal
1,50405642,  50410376,4.734,1,50418714,  50423416,4.702,1,50426547,  50432269,5.722,0,0,0,0,1,0,37.01153,1,1,    999102,Normal
1,50444321,  50449538,5.217,1,50459503,  50464710,5.207,1,50468372,  50472556,4.184,0,0,0,0,1,0,39.24665,1,1,    999102,Normal
1,49955855,  49959508,3.653,1,49972664,  49980476,7.812,1,49987300,  49991483,4.183,0,0,0,0,1,0,49.52292,1,1,    999103,Normal
1,50019260,  50023441,4.181,1,50033934,  50040726,6.792,1,50052810,  50055418,2.608,0,0,0,0,1,0,50.25962,1,1,    999103,Normal
1,50071669,  50078466,6.797,0,0,0,0,0,0,0,0,0,0,0,0,1,0,9.44783,1,1,    999103,Normal
0,0,0,0,1,50090031,  50094711,4.68,1,50099958,  50102564,2.606,0,0,0,0,0,0,17.42087,1,0,    999103,Normal
1,50119350,  50126669,7.319,1,50136648,  50144483,7.835,1,50151310,  50157600,6.29,0,0,0,0,1,0,53.1675,1,1,    999103,Normal
1,50202673,  50207903,5.23,1,50219441,  50226761,7.32,1,50229403,  50234632,5.229,0,0,0,0,1,0,44.42301,1,1,    999103,Normal
1,50246685,  50252444,5.759,1,50262406,  50270790,8.384,1,50271852,  50277596,5.744,0,0,0,0,1,0,42.96629,1,1,    999103,Normal
1,50293335,  50298585,5.25,1,50306434,  50313756,7.322,1,50315864,  50321613,5.749,0,0,0,0,1,0,39.30642,1,1,    999103,Normal
1,50348369,  50353056,4.687,1,50360941,  50365640,4.699,1,50367748,  50373492,5.744,0,0,0,0,1,0,34.92097,1,1,    999103,Normal
1,50405492,  50407559,2.067,0,0,0,0,0,0,0,0,0,0,0,0,0,0,2.87313,1,0,    999103,Normal
1,50407576,  50410184,2.608,1,50418582,  50424333,5.751,1,50426970,  50433764,6.794,0,0,0,0,1,0,36.40132,1,1,    999103,Normal
1,50444857,  50449481,4.624,1,50459457,  50464696,5.239,1,50470988,  50474626,3.638,0,0,0,0,1,0,41.37891,1,1,    999103,Normal
