No.,Time,Source,Destination ,Protocol,Length,Info,User
1,13:52:45.17,,,,,Location Sent,999101
2,13:52:47.13,,,,,Location Sent,999102
3,13:52:45.23,,,,,Location Sent,999103
4,13:53:49.18,,,,,Location Sent,999101
5,13:53:49.05,,,,,Location Sent,999102
6,13:53:50.12,,,,,Location Sent,999103
7,13:54:42.04,,,,,Location Sent,999101
8,13:54:43.18,,,,,Location Sent,999102
9,13:54:42.03,,,,,Location Sent,999103
10,13:55:31.21,,,,,Location Sent,999101
11,13:55:32.07,,,,,Location Sent,999102
12,13:55:31.20,,,,,Location Sent,999103
13,13:56:55.05,,,,,Location Sent,999101
14,13:56:55.03,,,,,Location Sent,999102
15,13:56:54.02,,,,,Location Sent,999103
16,13:57:37.16,,,,,Location Sent,999101
17,13:57:37.14,,,,,Location Sent,999102
18,13:57:37.06,,,,,Location Sent,999103
19,13:58:23.12,,,,,Location Sent,999101
20,13:58:24.03,,,,,Location Sent,999102
21,13:58:22.23,,,,,Location Sent,999103
22,13:59:17.10,,,,,Location Sent,999101
23,13:59:17.15,,,,,Location Sent,999102
24,13:59:17.19,,,,,Location Sent,999103
25,14:00:14.17,,,,,Location Sent,999101
26,14:00:14.04,,,,,Location Sent,999102
27,14:00:15.06,,,,,Location Sent,999103
28,14:00:56.07,,,,,Location Sent,999101
29,14:00:53.08,,,,,Location Sent,999102
30,14:00:53.14,,,,,Location Sent,999103
31,14:11:08.14,,,,,Requesting Backup,999101
32,14:11:06.20,,,,,Requesting Backup,999102
33,14:11:08.09,,,,,Requesting Backup,999103
34,14:11:28.17,,,,,Request Health Records,999101
35,14:11:27.15,,,,,Request Health Records,999102
36,14:11:31.07,,,,,Request Health Records,999103
37,14:12:29.05,,,,,Vitals Sent,999101
38,14:12:28.06,,,,,Vitals Sent,999102
39,14:12:29.08,,,,,Vitals Sent,999103
40,14:12:55.00,,,,,Requesting Backup,999101
41,14:12:54.12,,,,,Requesting Backup,999102
42,14:12:55.02,,,,,Requesting Backup,999103
43,14:13:18.17,,,,,Request Health Records,999101
44,14:13:18.15,,,,,Request Health Records,999102
45,14:13:19.06,,,,,Request Health Records,999103
46,14:14:10.22,,,,,Vitals Sent,999101
47,14:14:09.22,,,,,Vitals Sent,999102
48,14:14:10.14,,,,,Vitals Sent,999103
49,14:14:41.20,,,,,Requesting Backup,999101
50,14:14:40.15,,,,,Requesting Backup,999102
51,14:14:40.16,,,,,Requesting Backup,999103
52,14:14:59.18,,,,,Request Health Records,999101
53,14:14:59.20,,,,,Request Health Records,999102
54,14:14:59.22,,,,,Request Health Records,999103
55,14:15:45.15,,,,,Vitals Sent,999101
56,14:15:45.02,,,,,Vitals Sent,999102
57,14:15:45.09,,,,,Vitals Sent,999103
58,14:16:20.02,,,,,Requesting Backup,999101
59,14:16:19.14,,,,,Requesting Backup,999102
60,14:16:20.08,,,,,Requesting Backup,999103
61,14:16:40.04,,,,,Request Health Records,999101
62,14:16:38.18,,,,,Request Health Records,999102
63,14:16:39.01,,,,,Request Health Records,999103
64,14:17:37.00,,,,,Vitals Sent,999101
65,14:17:33.03,,,,,Vitals Sent,999102
66,14:17:32.19,,,,,Vitals Sent,999103
67,14:18:18.13,,,,,Request Health Records,999101
68,14:18:17.05,,,,,Request Health Records,999102
69,14:18:18.18,,,,,Request Health Records,999103
70,14:19:12.01,,,,,Vitals Sent,999101
71,14:19:10.07,,,,,Vitals Sent,999102
72,14:19:11.14,,,,,Vitals Sent,999103
1,10:19:29.755,192.168.1.137,192.168.1.121,UDP,70,Location Sent,100101
2,10:21:06.047,192.168.1.138,192.168.1.121,UDP,68,Vitals Sent,100103
3,10:21:06.155,192.168.1.138,192.168.1.121,UDP,68,Vitals Sent,100103
4,10:23:42.621,192.168.1.137,192.168.1.121,UDP,70,Location Sent,100101
5,10:24:04.743,192.168.1.138,192.168.1.121,UDP,70,Location Sent,100103
6,10:24:32.139,192.168.1.137,192.168.1.121,UDP,70,Location Sent,100101
7,10:25:14.727,192.168.1.137,192.168.1.121,UDP,70,Location Sent,100101
8,10:25:36.693,192.168.1.137,192.168.1.121,UDP,70,Location Sent,100101
9,10:26:02.547,192.168.1.138,192.168.1.121,UDP,70,Location Sent,100103
10,10:26:11.981,192.168.1.137,192.168.1.121,UDP,70,Location Sent,100101
11,10:26:25.684,192.168.1.138,192.168.1.121,UDP,70,Location Sent,100103
12,10:26:27.727,192.168.1.138,192.168.1.121,UDP,70,Location Sent,100103
13,10:26:47.948,192.168.1.138,192.168.1.121,UDP,70,Location Sent,100103
14,10:26:53.950,192.168.1.137,192.168.1.121,UDP,70,Location Sent,100101
15,10:27:06.675,192.168.1.138,192.168.1.121,UDP,70,Location Sent,100103
16,10:27:17.092,192.168.1.137,192.168.1.121,UDP,70,Location Sent,100101
17,10:27:26.327,192.168.1.138,192.168.1.121,UDP,70,Location Sent,100103
18,10:27:44.737,192.168.1.137,192.168.1.121,UDP,70,Location Sent,100101
19,10:27:49.457,192.168.1.138,192.168.1.121,UDP,70,Location Sent,100103
20,10:28:12.187,192.168.1.137,192.168.1.121,UDP,70,Location Sent,100101
21,10:28:12.319,192.168.1.138,192.168.1.121,UDP,70,Location Sent,100103
22,10:28:29.017,192.168.1.138,192.168.1.121,UDP,70,Location Sent,100103
23,10:28:34.401,192.168.1.137,192.168.1.121,UDP,70,Location Sent,100101
24,10:28:46.586,192.168.1.138,192.168.1.121,UDP,70,Location Sent,100103
25,10:29:04.849,192.168.1.138,192.168.1.121,UDP,70,Location Sent,100103
26,10:29:11.470,192.168.1.137,192.168.1.121,UDP,70,Location Sent,100101
27,10:29:25.166,192.168.1.138,192.168.1.121,UDP,70,Location Sent,100103
28,10:29:32.756,192.168.1.137,192.168.1.121,UDP,70,Location Sent,100101
29,10:29:43.130,192.168.1.138,192.168.1.121,UDP,70,Location Sent,100103
30,10:30:01.513,192.168.1.137,192.168.1.121,UDP,70,Location Sent,100101
31,10:30:03.361,192.168.1.138,192.168.1.121,UDP,70,Location Sent,100103
32,10:30:23.483,192.168.1.137,192.168.1.121,UDP,70,Location Sent,100101
33,10:30:24.877,192.168.1.138,192.168.1.121,UDP,70,Location Sent,100103
34,10:30:45.987,192.168.1.138,192.168.1.121,UDP,70,Location Sent,100103
35,10:30:52.752,192.168.1.137,192.168.1.121,UDP,70,Location Sent,100101
36,10:31:27.227,192.168.1.137,192.168.1.121,UDP,70,Location Sent,100101
37,10:31:50.500,192.168.1.137,192.168.1.121,UDP,70,Location Sent,100101
38,10:32:23.134,192.168.1.137,192.168.1.121,UDP,70,Location Sent,100101
39,10:32:23.805,192.168.1.138,192.168.1.121,UDP,68,Vitals Sent,100103
40,10:32:50.814,192.168.1.137,192.168.1.121,UDP,70,Location Sent,100101
41,10:33:12.596,192.168.1.137,192.168.1.121,UDP,70,Location Sent,100101
42,10:33:43.721,192.168.1.137,192.168.1.121,UDP,74,Requesting Backup,100101
43,10:35:20.316,192.168.1.137,192.168.1.121,UDP,68,Vitals Sent,100101
44,10:36:03.556,192.168.1.136,192.168.1.121,UDP,71,Vitals Sent,100106
45,10:36:32.111,192.168.1.138,192.168.1.121,UDP,70,Location Sent,100105
46,10:39:26.570,192.168.1.136,192.168.1.121,UDP,73,Location Sent,100106
47,10:39:30.801,192.168.1.138,192.168.1.121,UDP,70,Location Sent,100105
48,10:40:00.499,192.168.1.138,192.168.1.121,UDP,70,Location Sent,100105
49,10:40:01.355,192.168.1.136,192.168.1.121,UDP,73,Location Sent,100106
50,10:40:09.320,192.168.1.137,192.168.1.121,UDP,70,Location Sent,100107
51,10:40:42.185,192.168.1.136,192.168.1.121,UDP,73,Location Sent,100106
52,10:41:28.276,192.168.1.136,192.168.1.121,UDP,73,Location Sent,100106
53,10:41:39.729,192.168.1.135,192.168.1.121,UDP,70,Location Sent,100108
54,10:41:39.812,192.168.1.137,192.168.1.121,UDP,70,Location Sent,100107
55,10:41:41.807,192.168.1.136,192.168.1.121,UDP,73,Location Sent,100106
56,10:41:42.047,192.168.1.138,192.168.1.121,UDP,70,Location Sent,100105
57,10:42:05.341,192.168.1.137,192.168.1.121,UDP,70,Location Sent,100107
58,10:42:05.903,192.168.1.135,192.168.1.121,UDP,70,Location Sent,100108
59,10:42:10.165,192.168.1.136,192.168.1.121,UDP,73,Location Sent,100106
60,10:42:35.278,192.168.1.135,192.168.1.121,UDP,70,Location Sent,100108
61,10:42:35.686,192.168.1.135,192.168.1.121,UDP,70,Location Sent,100108
62,10:42:35.838,192.168.1.137,192.168.1.121,UDP,70,Location Sent,100107
63,10:43:00.201,192.168.1.136,192.168.1.121,UDP,73,Location Sent,100106
64,10:43:01.947,192.168.1.135,192.168.1.121,UDP,70,Location Sent,100108
65,10:43:02.153,192.168.1.137,192.168.1.121,UDP,70,Location Sent,100107
66,10:43:05.535,192.168.1.138,192.168.1.121,UDP,70,Location Sent,100105
67,10:43:25.909,192.168.1.135,192.168.1.121,UDP,70,Location Sent,100108
68,10:43:26.274,192.168.1.137,192.168.1.121,UDP,70,Location Sent,100107
69,10:43:49.158,192.168.1.136,192.168.1.121,UDP,73,Location Sent,100106
70,10:43:55.095,192.168.1.138,192.168.1.121,UDP,70,Location Sent,100105
71,10:43:56.079,192.168.1.137,192.168.1.121,UDP,70,Location Sent,100107
72,10:43:58.871,192.168.1.135,192.168.1.121,UDP,70,Location Sent,100108
73,10:44:22.901,192.168.1.135,192.168.1.121,UDP,70,Location Sent,100108
74,10:44:23.099,192.168.1.137,192.168.1.121,UDP,70,Location Sent,100107
75,10:44:25.523,192.168.1.136,192.168.1.121,UDP,73,Location Sent,100106
76,10:44:43.784,192.168.1.137,192.168.1.121,UDP,70,Location Sent,100107
77,10:44:45.140,192.168.1.135,192.168.1.121,UDP,70,Location Sent,100108
78,10:45:11.452,192.168.1.136,192.168.1.121,UDP,73,Location Sent,100106
79,10:45:13.723,192.168.1.137,192.168.1.121,UDP,70,Location Sent,100107
80,10:45:15.775,192.168.1.135,192.168.1.121,UDP,70,Location Sent,100108
81,10:45:35.471,192.168.1.136,192.168.1.121,UDP,77,Requesting Backup,100106
82,10:45:37.790,192.168.1.137,192.168.1.121,UDP,70,Location Sent,100107
83,10:45:40.461,192.168.1.135,192.168.1.121,UDP,70,Location Sent,100108
84,10:45:59.273,192.168.1.137,192.168.1.121,UDP,70,Location Sent,100107
85,10:46:00.783,192.168.1.135,192.168.1.121,UDP,70,Location Sent,100108
86,10:46:27.322,192.168.1.137,192.168.1.121,UDP,70,Location Sent,100107
87,10:46:30.155,192.168.1.135,192.168.1.121,UDP,70,Location Sent,100108
88,10:46:50.402,192.168.1.137,192.168.1.121,UDP,70,Location Sent,100107
89,10:46:53.290,192.168.1.135,192.168.1.121,UDP,70,Location Sent,100108
90,10:47:09.006,192.168.1.136,192.168.1.121,UDP,71,Vitals Sent,100106
91,10:47:12.102,192.168.1.137,192.168.1.121,UDP,70,Location Sent,100107
92,10:47:15.315,192.168.1.135,192.168.1.121,UDP,70,Location Sent,100108
93,10:47:39.561,192.168.1.137,192.168.1.121,UDP,70,Location Sent,100107
94,10:47:41.328,192.168.1.135,192.168.1.121,UDP,70,Location Sent,100108
95,10:47:59.823,192.168.1.137,192.168.1.121,UDP,70,Location Sent,100107
96,10:48:02.891,192.168.1.135,192.168.1.121,UDP,70,Location Sent,100108
97,10:48:33.473,192.168.1.137,192.168.1.121,UDP,70,Location Sent,100107
98,10:48:35.523,192.168.1.135,192.168.1.121,UDP,70,Location Sent,100108
99,10:48:54.323,192.168.1.137,192.168.1.121,UDP,70,Location Sent,100107
100,10:48:54.749,192.168.1.135,192.168.1.121,UDP,70,Location Sent,100108
101,10:49:10.257,192.168.1.137,192.168.1.121,UDP,70,Location Sent,100107
102,10:49:10.381,192.168.1.135,192.168.1.121,UDP,70,Location Sent,100108
103,10:49:15.731,192.168.1.135,192.168.1.121,UDP,74,Requesting Backup,100108
104,10:49:16.138,192.168.1.137,192.168.1.121,UDP,74,Requesting Backup,100107
105,10:50:29.785,192.168.1.137,192.168.1.121,UDP,68,Vitals Sent,100107
106,10:50:35.669,192.168.1.138,192.168.1.121,UDP,70,Location Sent,100109
107,10:50:51.166,192.168.1.135,192.168.1.121,UDP,68,Vitals Sent,100108
108,10:52:25.732,192.168.1.136,192.168.1.121,UDP,73,Location Sent,100101
109,10:52:27.224,192.168.1.138,192.168.1.121,UDP,70,Location Sent,100109
110,10:52:52.453,192.168.1.138,192.168.1.121,UDP,70,Location Sent,100109
111,10:52:54.683,192.168.1.136,192.168.1.121,UDP,73,Location Sent,100101
112,10:53:12.380,192.168.1.138,192.168.1.121,UDP,70,Location Sent,100109
113,10:53:13.924,192.168.1.136,192.168.1.121,UDP,73,Location Sent,100101
114,10:53:40.510,192.168.1.138,192.168.1.121,UDP,70,Location Sent,100109
115,10:53:43.181,192.168.1.136,192.168.1.121,UDP,73,Location Sent,100101
116,10:54:09.153,192.168.1.138,192.168.1.121,UDP,70,Location Sent,100109
117,10:54:10.098,192.168.1.136,192.168.1.121,UDP,73,Location Sent,100101
118,10:54:36.831,192.168.1.138,192.168.1.121,UDP,70,Location Sent,100109
119,10:54:39.060,192.168.1.136,192.168.1.121,UDP,73,Location Sent,100101
120,10:55:04.219,192.168.1.136,192.168.1.121,UDP,73,Location Sent,100101
121,10:55:05.736,192.168.1.138,192.168.1.121,UDP,70,Location Sent,100109
122,10:55:17.564,192.168.1.137,192.168.1.121,UDP,73,Location Sent,100104
123,10:55:17.657,192.168.1.135,192.168.1.121,UDP,73,Location Sent,100103
124,10:55:29.149,192.168.1.138,192.168.1.121,UDP,70,Location Sent,100109
125,10:55:29.226,192.168.1.136,192.168.1.121,UDP,73,Location Sent,100101
126,10:55:37.195,192.168.1.135,192.168.1.121,UDP,73,Location Sent,100103
127,10:55:37.268,192.168.1.137,192.168.1.121,UDP,73,Location Sent,100104
128,10:55:54.482,192.168.1.137,192.168.1.121,UDP,73,Location Sent,100104
129,10:55:56.972,192.168.1.138,192.168.1.121,UDP,70,Location Sent,100109
130,10:55:58.053,192.168.1.136,192.168.1.121,UDP,73,Location Sent,100101
131,10:56:25.473,192.168.1.138,192.168.1.121,UDP,70,Location Sent,100109
132,10:56:28.723,192.168.1.136,192.168.1.121,UDP,73,Location Sent,100101
133,10:56:59.921,192.168.1.136,192.168.1.121,UDP,73,Location Sent,100101
134,10:57:00.151,192.168.1.138,192.168.1.121,UDP,70,Location Sent,100109
135,10:57:21.545,192.168.1.135,192.168.1.121,UDP,73,Location Sent,100103
136,10:57:21.734,192.168.1.137,192.168.1.121,UDP,73,Location Sent,100104
137,10:57:27.834,192.168.1.136,192.168.1.121,UDP,73,Location Sent,100101
138,10:57:51.179,192.168.1.135,192.168.1.121,UDP,73,Location Sent,100103
139,10:57:51.640,192.168.1.137,192.168.1.121,UDP,73,Location Sent,100104
140,10:57:56.145,192.168.1.136,192.168.1.121,UDP,73,Location Sent,100101
141,10:57:58.017,192.168.1.138,192.168.1.121,UDP,70,Location Sent,100109
142,10:58:10.697,192.168.1.135,192.168.1.121,UDP,73,Location Sent,100103
143,10:58:11.018,192.168.1.137,192.168.1.121,UDP,73,Location Sent,100104
144,10:58:25.924,192.168.1.138,192.168.1.121,UDP,70,Location Sent,100109
145,10:58:25.947,192.168.1.136,192.168.1.121,UDP,73,Location Sent,100101
146,10:58:29.450,192.168.1.135,192.168.1.121,UDP,73,Location Sent,100103
147,10:58:51.435,192.168.1.135,192.168.1.121,UDP,73,Location Sent,100103
148,10:58:54.053,192.168.1.136,192.168.1.121,UDP,73,Location Sent,100101
149,10:58:54.217,192.168.1.138,192.168.1.121,UDP,70,Location Sent,100109
150,10:59:09.388,192.168.1.135,192.168.1.121,UDP,73,Location Sent,100103
151,10:59:36.363,192.168.1.135,192.168.1.121,UDP,73,Location Sent,100103
152,10:59:37.713,192.168.1.136,192.168.1.121,UDP,73,Location Sent,100101
153,10:59:40.510,192.168.1.138,192.168.1.121,UDP,70,Location Sent,100109
154,10:59:57.857,192.168.1.135,192.168.1.121,UDP,73,Location Sent,100103
155,10:59:58.544,192.168.1.136,192.168.1.121,UDP,77,Requesting Backup,100101
156,11:00:00.564,192.168.1.138,192.168.1.121,UDP,74,Requesting Backup,100109
157,11:00:19.495,192.168.1.135,192.168.1.121,UDP,73,Location Sent,100103
158,11:00:37.373,192.168.1.135,192.168.1.121,UDP,73,Location Sent,100103
159,11:00:53.077,192.168.1.135,192.168.1.121,UDP,73,Location Sent,100103
160,11:00:55.099,192.168.1.138,192.168.1.121,UDP,68,Vitals Sent,100109
161,11:01:11.797,192.168.1.135,192.168.1.121,UDP,73,Location Sent,100103
162,11:01:29.868,192.168.1.136,192.168.1.121,UDP,71,Vitals Sent,100101
163,11:01:31.031,192.168.1.135,192.168.1.121,UDP,73,Location Sent,100103
164,11:01:57.408,192.168.1.135,192.168.1.121,UDP,77,Requesting Backup,100103
165,11:02:45.413,192.168.1.135,192.168.1.121,UDP,71,Vitals Sent,100103
166,11:03:18.407,192.168.1.135,192.168.1.121,UDP,71,Vitals Sent,100103
167,11:05:39.042,192.168.1.136,192.168.1.121,UDP,73,Location Sent,100106
168,11:05:42.819,192.168.1.138,192.168.1.121,UDP,73,Location Sent,100105
169,11:06:10.674,192.168.1.135,192.168.1.121,UDP,73,Location Sent,100102
170,11:06:27.362,192.168.1.135,192.168.1.121,UDP,73,Location Sent,100102
171,11:06:35.608,192.168.1.138,192.168.1.121,UDP,73,Location Sent,100105
172,11:06:35.696,192.168.1.136,192.168.1.121,UDP,73,Location Sent,100106
173,11:06:46.867,192.168.1.135,192.168.1.121,UDP,73,Location Sent,100102
174,11:07:11.260,192.168.1.135,192.168.1.121,UDP,73,Location Sent,100102
175,11:07:24.795,192.168.1.136,192.168.1.121,UDP,73,Location Sent,100106
176,11:07:31.431,192.168.1.138,192.168.1.121,UDP,73,Location Sent,100105
177,11:07:33.460,192.168.1.135,192.168.1.121,UDP,73,Location Sent,100102
178,11:07:53.349,192.168.1.135,192.168.1.121,UDP,73,Location Sent,100102
179,11:08:12.717,192.168.1.136,192.168.1.121,UDP,73,Location Sent,100106
180,11:08:13.300,192.168.1.138,192.168.1.121,UDP,73,Location Sent,100105
181,11:08:18.051,192.168.1.135,192.168.1.121,UDP,73,Location Sent,100102
182,11:08:42.713,192.168.1.135,192.168.1.121,UDP,73,Location Sent,100102
183,11:08:45.022,192.168.1.136,192.168.1.121,UDP,73,Location Sent,100106
184,11:08:48.401,192.168.1.138,192.168.1.121,UDP,73,Location Sent,100105
185,11:09:07.747,192.168.1.135,192.168.1.121,UDP,73,Location Sent,100102
186,11:09:24.534,192.168.1.136,192.168.1.121,UDP,73,Location Sent,100106
187,11:09:25.588,192.168.1.138,192.168.1.121,UDP,73,Location Sent,100105
188,11:09:32.608,192.168.1.135,192.168.1.121,UDP,73,Location Sent,100102
189,11:09:51.499,192.168.1.136,192.168.1.121,UDP,73,Location Sent,100106
190,11:09:51.955,192.168.1.138,192.168.1.121,UDP,73,Location Sent,100105
191,11:09:55.998,192.168.1.135,192.168.1.121,UDP,73,Location Sent,100102
192,11:10:04.619,192.168.1.135,192.168.1.121,UDP,73,Location Sent,100102
193,11:10:13.281,192.168.1.135,192.168.1.121,UDP,77,Requesting Backup,100102
194,11:10:34.080,192.168.1.136,192.168.1.121,UDP,73,Location Sent,100106
195,11:10:34.213,192.168.1.138,192.168.1.121,UDP,73,Location Sent,100105
196,11:10:48.569,192.168.1.135,192.168.1.121,UDP,71,Vitals Sent,100102
197,11:11:14.242,192.168.1.136,192.168.1.121,UDP,77,Requesting Backup,100106
198,11:12:01.537,192.168.1.136,192.168.1.121,UDP,71,Vitals Sent,100106
199,11:12:21.312,192.168.1.138,192.168.1.121,UDP,73,Location Sent,100105
200,11:12:38.272,192.168.1.138,192.168.1.121,UDP,73,Location Sent,100105
201,11:15:44.302,192.168.1.136,192.168.1.121,UDP,73,Location Sent,100107
202,11:15:44.912,192.168.1.135,192.168.1.121,UDP,73,Location Sent,100108
203,11:15:58.181,192.168.1.136,192.168.1.121,UDP,73,Location Sent,100107
204,11:15:59.526,192.168.1.135,192.168.1.121,UDP,73,Location Sent,100108
205,11:16:11.911,192.168.1.136,192.168.1.121,UDP,73,Location Sent,100107
206,11:16:12.498,192.168.1.135,192.168.1.121,UDP,73,Location Sent,100108
207,11:16:24.762,192.168.1.136,192.168.1.121,UDP,73,Location Sent,100107
208,11:16:24.934,192.168.1.135,192.168.1.121,UDP,73,Location Sent,100108
209,11:16:35.798,192.168.1.136,192.168.1.121,UDP,73,Location Sent,100107
210,11:16:37.664,192.168.1.135,192.168.1.121,UDP,73,Location Sent,100108
211,11:16:51.181,192.168.1.136,192.168.1.121,UDP,73,Location Sent,100107
212,11:16:53.011,192.168.1.135,192.168.1.121,UDP,73,Location Sent,100108
213,11:17:10.357,192.168.1.135,192.168.1.121,UDP,73,Location Sent,100108
214,11:17:10.452,192.168.1.136,192.168.1.121,UDP,73,Location Sent,100107
215,11:17:23.384,192.168.1.136,192.168.1.121,UDP,73,Location Sent,100107
216,11:17:26.867,192.168.1.135,192.168.1.121,UDP,73,Location Sent,100108
217,11:17:30.404,192.168.1.138,192.168.1.121,UDP,73,Location Sent,100109
218,11:17:43.526,192.168.1.136,192.168.1.121,UDP,73,Location Sent,100107
219,11:17:43.586,192.168.1.135,192.168.1.121,UDP,73,Location Sent,100108
220,11:17:50.591,192.168.1.138,192.168.1.121,UDP,73,Location Sent,100109
221,11:17:54.789,192.168.1.135,192.168.1.121,UDP,73,Location Sent,100108
222,11:17:54.860,192.168.1.136,192.168.1.121,UDP,73,Location Sent,100107
223,11:18:06.952,192.168.1.135,192.168.1.121,UDP,73,Location Sent,100108
224,11:18:07.179,192.168.1.136,192.168.1.121,UDP,73,Location Sent,100107
225,11:18:13.938,192.168.1.138,192.168.1.121,UDP,73,Location Sent,100109
226,11:18:18.113,192.168.1.135,192.168.1.121,UDP,73,Location Sent,100108
227,11:18:18.273,192.168.1.136,192.168.1.121,UDP,73,Location Sent,100107
228,11:18:30.800,192.168.1.135,192.168.1.121,UDP,73,Location Sent,100108
229,11:18:31.311,192.168.1.136,192.168.1.121,UDP,73,Location Sent,100107
230,11:18:33.732,192.168.1.138,192.168.1.121,UDP,73,Location Sent,100109
231,11:18:45.873,192.168.1.135,192.168.1.121,UDP,73,Location Sent,100108
232,11:18:46.306,192.168.1.136,192.168.1.121,UDP,73,Location Sent,100107
233,11:18:47.883,192.168.1.138,192.168.1.121,UDP,73,Location Sent,100109
234,11:18:57.534,192.168.1.135,192.168.1.121,UDP,73,Location Sent,100108
235,11:18:59.120,192.168.1.136,192.168.1.121,UDP,73,Location Sent,100107
236,11:19:03.238,192.168.1.138,192.168.1.121,UDP,73,Location Sent,100109
237,11:19:09.648,192.168.1.135,192.168.1.121,UDP,73,Location Sent,100108
238,11:19:10.482,192.168.1.136,192.168.1.121,UDP,73,Location Sent,100107
239,11:19:18.161,192.168.1.138,192.168.1.121,UDP,73,Location Sent,100109
240,11:19:24.769,192.168.1.135,192.168.1.121,UDP,73,Location Sent,100108
241,11:19:25.218,192.168.1.136,192.168.1.121,UDP,73,Location Sent,100107
242,11:19:35.222,192.168.1.138,192.168.1.121,UDP,73,Location Sent,100109
243,11:19:41.104,192.168.1.136,192.168.1.121,UDP,73,Location Sent,100107
244,11:19:49.694,192.168.1.138,192.168.1.121,UDP,73,Location Sent,100109
245,11:19:57.110,192.168.1.136,192.168.1.121,UDP,73,Location Sent,100107
246,11:20:04.341,192.168.1.138,192.168.1.121,UDP,73,Location Sent,100109
247,11:20:10.002,192.168.1.136,192.168.1.121,UDP,73,Location Sent,100107
248,11:20:14.051,192.168.1.135,192.168.1.121,UDP,73,Location Sent,100108
249,11:20:21.862,192.168.1.138,192.168.1.121,UDP,73,Location Sent,100109
250,11:20:34.576,192.168.1.136,192.168.1.121,UDP,73,Location Sent,100107
251,11:20:35.494,192.168.1.135,192.168.1.121,UDP,73,Location Sent,100108
252,11:20:38.540,192.168.1.138,192.168.1.121,UDP,73,Location Sent,100109
253,11:20:40.519,192.168.1.136,192.168.1.121,UDP,77,Requesting Backup,100107
254,11:20:41.087,192.168.1.135,192.168.1.121,UDP,77,Requesting Backup,100108
255,11:20:55.946,192.168.1.138,192.168.1.121,UDP,73,Location Sent,100109
256,11:21:15.418,192.168.1.138,192.168.1.121,UDP,73,Location Sent,100109
257,11:21:18.909,192.168.1.136,192.168.1.121,UDP,71,Vitals Sent,100107
258,11:21:35.976,192.168.1.138,192.168.1.121,UDP,73,Location Sent,100109
259,11:22:10.848,192.168.1.138,192.168.1.121,UDP,77,Requesting Backup,100109